time,settimanale,mensile,spot,signal,numerical,x_num,valid
0,0,0,0,19.029914868610376,6.3868571347658305,0.0,1
1,1,0,0,17.39977824920295,4.399563299989936,0.0,1
2,2,0,0,17.072701056307203,9.405797231116264,0.0,1
3,3,0,0,17.813294586823417,8.236791458778463,0.0,1
4,4,0,0,13.635413775312964,7.871251978623742,0.0,1
5,5,0,0,19.997381999952847,6.63852694920817,0.0,1
6,6,0,0,20.613430131934415,7.118401711318784,0.0,1
7,0,0,-1,8.480871700801082,4.988006876168901,0.0,1
8,1,0,-1,7.440441518763314,6.182661338274276,0.0,1
9,2,0,-1,5.586249542792798,8.994386559468271,0.0,1
10,3,0,-1,6.3868571347658305,9.285196005002621,0.0,1
11,4,0,-1,4.399563299989936,9.518438681556518,0.0,1
12,5,0,-1,9.405797231116264,8.558700666535495,0.0,1
13,6,0,-1,8.236791458778463,7.311811573937919,0.0,1
14,0,0,-1,7.871251978623742,6.068886195606175,0.0,1
15,1,0,-1,6.63852694920817,5.823745227933831,0.0,1
16,2,0,-1,7.118401711318784,9.533035612520528,0.0,1
17,3,0,-1,4.988006876168901,10.52461372648272,0.0,1
18,4,0,-1,6.182661338274276,8.836831189833068,0.0,1
19,5,0,-1,8.994386559468271,8.233257253116655,0.0,1
20,6,0,-1,9.285196005002621,7.156646943581019,0.0,1
21,0,0,-1,9.518438681556518,7.232415766552285,0.0,1
22,1,0,-1,8.558700666535495,4.694043407937464,0.0,1
23,2,0,-1,7.311811573937919,10.771434047060648,0.0,1
24,3,0,-1,6.068886195606175,12.210137063633457,0.0,1
25,4,0,-1,5.823745227933831,7.89677659846198,0.0,1
26,5,0,-1,9.533035612520528,7.777160805324932,0.0,1
27,6,0,-1,10.52461372648272,6.973187629166481,0.0,1
28,0,0,-1,8.836831189833068,6.162368296318744,0.0,1
29,1,0,-1,8.233257253116655,5.381616712226483,0.0,1
30,2,0,-1,7.156646943581019,9.577903980993742,0.0,1
31,3,1,-1,7.232415766552285,9.54776489743755,0.0,1
32,4,1,-1,4.694043407937464,8.301284721005949,0.0,1
33,5,1,-1,10.771434047060648,7.56798502110709,0.0,1
34,6,1,-1,12.210137063633457,7.76797562196114,0.0,1
35,0,1,-1,7.89677659846198,6.098058627096901,0.0,1
36,1,1,-1,7.777160805324932,5.633001281515618,0.0,1
37,2,1,-1,6.973187629166481,7.92042086584266,0.0,1
38,3,1,-1,6.162368296318744,10.903279150099449,0.0,1
39,4,1,-1,5.381616712226483,9.84398316260857,0.0,1
40,5,1,-1,9.577903980993742,8.032152612324147,0.0,1
41,6,1,-1,9.54776489743755,5.842981971598978,0.0,1
42,0,1,-1,8.301284721005949,6.4995196087269,0.0,1
43,1,1,-1,7.56798502110709,5.746009519729801,0.0,1
44,2,1,-1,7.76797562196114,10.04600253675878,0.0,1
45,3,1,-1,6.098058627096901,11.361689843146987,0.0,1
46,4,1,-1,5.633001281515618,7.6913221928319375,0.0,1
47,5,1,-1,7.92042086584266,8.0479570458314,0.0,1
48,6,1,-1,10.903279150099449,7.787429049723225,0.0,1
49,0,1,-1,9.84398316260857,5.989987055043001,0.0,1
50,1,1,-1,8.032152612324147,4.592795152055347,0.0,1
51,2,1,-1,5.842981971598978,8.257327715616118,0.0,1
52,3,1,-1,6.4995196087269,9.27692219288184,0.0,1
53,4,1,-1,5.746009519729801,8.106048922549924,0.0,1
54,5,1,-1,10.04600253675878,7.817182812044344,0.0,1
55,6,1,-1,11.361689843146987,7.971409947323589,0.0,1
56,0,1,-1,7.6913221928319375,5.602417782451562,0.0,1
57,1,1,-1,8.0479570458314,5.315545877102423,0.0,1
58,2,1,-1,7.787429049723225,8.971185327365827,0.0,1
59,3,2,-1,5.989987055043001,10.08242711863745,0.0,1
60,4,2,-1,4.592795152055347,10.962636301581945,0.0,1
61,5,2,-1,8.257327715616118,7.1237417593991035,0.0,1
62,6,2,-1,9.27692219288184,6.705610494935019,0.0,1
63,0,2,-1,8.106048922549924,3.7772199145917305,0.0,1
64,1,2,-1,7.817182812044344,4.413106091787244,0.0,1
65,2,2,-1,7.971409947323589,9.274846565494396,0.0,1
66,3,2,-1,5.602417782451562,10.374219574383597,0.0,1
67,4,2,-1,5.315545877102423,8.021261175626602,0.0,1
68,5,2,-1,8.971185327365827,8.202293663827113,0.0,1
69,6,2,-1,10.08242711863745,5.908628495754966,0.0,1
70,0,2,-1,10.962636301581945,6.301374219717441,0.0,1
71,1,2,-1,7.1237417593991035,5.7310909483465755,0.0,1
72,2,2,-1,6.705610494935019,11.112690533219768,0.0,1
73,3,2,-1,3.7772199145917305,9.858725483738773,0.0,1
74,4,2,-1,4.413106091787244,8.536183723701543,0.0,1
75,5,2,-1,9.274846565494396,7.482151970889224,0.0,1
76,6,2,-1,10.374219574383597,6.109078445095107,0.0,1
77,0,2,-1,8.021261175626602,6.13667883362809,0.0,1
78,1,2,-1,8.202293663827113,7.515997635714802,0.0,1
79,2,3,-1,5.908628495754966,9.454809974429486,0.0,1
80,3,3,-1,6.301374219717441,10.154005129470317,0.0,1
81,4,3,-1,5.7310909483465755,9.269802085008592,0.0,1
82,5,3,-1,11.112690533219768,7.82933836705347,0.0,1
83,6,3,-1,9.858725483738773,9.1417864654401,0.0,1
84,0,3,-1,8.536183723701543,6.605147941399123,0.0,1
85,1,3,-1,7.482151970889224,4.830315455461631,0.0,1
86,2,3,-1,6.109078445095107,8.922800141622425,0.0,1
87,3,3,-1,6.13667883362809,10.908072690378852,0.0,1
88,4,3,-1,7.515997635714802,8.262185153259088,0.0,1
89,5,4,-1,9.454809974429486,9.10003237172175,0.0,1
90,6,4,-1,10.154005129470317,18.15363084978721,0.0,1
91,0,4,-1,9.269802085008592,15.01273857199988,0.0,1
92,1,4,-1,7.82933836705347,15.092359133735329,0.0,1
93,2,4,-1,9.1417864654401,18.62206204726628,0.0,1
94,3,4,-1,6.605147941399123,19.535746846209594,0.0,1
95,4,4,-1,4.830315455461631,18.454270418281613,0.0,1
96,5,4,-1,8.922800141622425,19.501936909944952,0.0,1
97,6,4,-1,10.908072690378852,7.679955312203485,0.0,1
98,0,4,-1,8.262185153259088,5.595215815135234,0.0,1
99,1,4,-1,9.10003237172175,5.483798622817166,0.0,1
100,2,4,0,18.15363084978721,9.462550363437671,0.0,1
101,3,4,0,15.01273857199988,8.594850553495142,0.0,1
102,4,4,0,15.092359133735329,8.591494553113757,0.0,1
103,5,4,0,18.62206204726628,4.924334888570107,0.0,1
104,6,4,0,19.535746846209594,7.291430216462458,0.0,1
105,0,4,0,18.454270418281613,5.295275792996551,0.0,1
106,1,4,0,19.501936909944952,4.2032217749709,0.0,1
107,2,4,-1,7.679955312203485,6.918116686806721,0.0,1
108,3,4,-1,5.595215815135234,8.845915469997555,0.0,1
109,4,4,-1,5.483798622817166,7.7683107666177715,0.0,1
110,5,4,-1,9.462550363437671,7.660969434698364,0.0,1
111,6,4,-1,8.594850553495142,7.840391949307548,0.0,1
112,0,4,-1,8.591494553113757,7.357765561548174,0.0,1
113,1,4,-1,4.924334888570107,5.7436987521458285,0.0,1
114,2,4,-1,7.291430216462458,7.548191581008995,0.0,1
115,3,4,-1,5.295275792996551,8.424783670636527,0.0,1
116,4,4,-1,4.2032217749709,9.086768220279192,0.0,1
117,5,4,-1,6.918116686806721,6.537415442767771,0.0,1
118,6,4,-1,8.845915469997555,5.675157191895914,0.0,1
119,0,4,-1,7.7683107666177715,6.903202915083942,0.0,1
120,1,4,-1,7.660969434698364,4.036026929776256,0.0,1
121,2,4,-1,7.840391949307548,8.845585377111576,0.0,1
122,3,0,-1,7.357765561548174,9.052593684507588,0.0,1
123,4,0,-1,5.7436987521458285,8.908505560234596,0.0,1
124,5,0,-1,7.548191581008995,8.1708402166993,0.0,1
125,6,0,-1,8.424783670636527,5.3461786702932645,0.0,1
126,0,0,-1,9.086768220279192,4.421869117615996,0.0,1
127,1,0,-1,6.537415442767771,6.202126685588584,0.0,1
128,2,0,-1,5.675157191895914,8.330139012048607,0.0,1
129,3,0,-1,6.903202915083942,8.161436127670221,0.0,1
130,4,0,-1,4.036026929776256,7.8234588578475455,0.0,1
131,5,0,-1,8.845585377111576,7.038054118538589,0.0,1
132,6,0,-1,9.052593684507588,8.359165215363792,0.0,1
133,0,0,-1,8.908505560234596,6.039615301509628,0.0,1
134,1,0,-1,8.1708402166993,2.102201480147065,0.0,1
135,2,0,-1,5.3461786702932645,9.997455955932573,0.0,1
136,3,0,-1,4.421869117615996,8.28461061663242,0.0,1
137,4,0,-1,6.202126685588584,6.904451976770479,0.0,1
138,5,0,-1,8.330139012048607,6.875847380145273,0.0,1
139,6,0,-1,8.161436127670221,5.768367285373083,0.0,1
140,0,0,-1,7.8234588578475455,6.558394483045384,0.0,1
141,1,0,-1,7.038054118538589,4.577399663412194,0.0,1
142,2,0,-1,8.359165215363792,9.28859513906449,0.0,1
143,3,0,-1,6.039615301509628,9.195645177141095,0.0,1
144,4,0,-1,2.102201480147065,6.164524914882128,0.0,1
145,5,0,-1,9.997455955932573,8.007783408743903,0.0,1
146,6,0,-1,8.28461061663242,5.745280178039416,0.0,1
147,0,0,-1,6.904451976770479,4.849810699984439,0.0,1
148,1,0,-1,6.875847380145273,4.110368384211877,0.0,1
149,2,0,-1,5.768367285373083,7.278686894773608,0.0,1
150,3,0,-1,6.558394483045384,9.35217062769901,0.0,1
151,4,0,-1,4.577399663412194,5.412548182707953,0.0,1
152,5,0,-1,9.28859513906449,6.793383596117666,0.0,1
153,6,1,-1,9.195645177141095,7.947845881784543,0.0,1
154,0,1,-1,6.164524914882128,4.484852208994176,0.0,1
155,1,1,-1,8.007783408743903,5.664627882341305,0.0,1
156,2,1,-1,5.745280178039416,9.504845163223981,0.0,1
157,3,1,-1,4.849810699984439,9.55378166954961,0.0,1
158,4,1,-1,4.110368384211877,9.00385327977984,0.0,1
159,5,1,-1,7.278686894773608,7.374097915053871,0.0,1
160,6,1,-1,9.35217062769901,5.064365026671319,0.0,1
161,0,1,-1,5.412548182707953,4.522371426093411,0.0,1
162,1,1,-1,6.793383596117666,4.2328763618420915,0.0,1
163,2,1,-1,7.947845881784543,8.24343311434718,0.0,1
164,3,1,-1,4.484852208994176,8.733412239718152,0.0,1
165,4,1,-1,5.664627882341305,8.228016512058828,0.0,1
166,5,1,-1,9.504845163223981,8.165316850279078,0.0,1
167,6,1,-1,9.55378166954961,7.412063431933863,0.0,1
168,0,1,-1,9.00385327977984,4.323781834284015,0.0,1
169,1,1,-1,7.374097915053871,5.614871311613842,0.0,1
170,2,1,-1,5.064365026671319,8.149447982248484,0.0,1
171,3,1,-1,4.522371426093411,8.132946251159481,0.0,1
172,4,1,-1,4.2328763618420915,7.315741044080605,0.0,1
173,5,1,-1,8.24343311434718,6.567812098644821,0.0,1
174,6,1,-1,8.733412239718152,6.642998257951946,0.0,1
175,0,1,-1,8.228016512058828,5.42816110532195,0.0,1
176,1,1,-1,8.165316850279078,3.8396185277957318,0.0,1
177,2,1,-1,7.412063431933863,7.58630535187026,0.0,1
178,3,1,-1,4.323781834284015,8.753473147648657,0.0,1
179,4,1,-1,5.614871311613842,8.02616673250743,0.0,1
180,5,1,-1,8.149447982248484,6.8088699511285276,0.0,1
181,6,2,-1,8.132946251159481,5.074120455998297,0.0,1
182,0,2,-1,7.315741044080605,5.622211351440165,0.0,1
183,1,2,-1,6.567812098644821,3.8160650135649914,0.0,1
184,2,2,-1,6.642998257951946,7.175757547715672,0.0,1
185,3,2,-1,5.42816110532195,9.022903913826559,0.0,1
186,4,2,-1,3.8396185277957318,6.428041847162282,0.0,1
187,5,2,-1,7.58630535187026,7.08541175456782,0.0,1
188,6,2,-1,8.753473147648657,5.946859347731871,0.0,1
189,0,2,-1,8.02616673250743,6.89686009900393,0.0,1
190,1,2,-1,6.8088699511285276,14.203712263351488,0.0,1
191,2,2,-1,5.074120455998297,18.063574703706085,0.0,1
192,3,2,-1,5.622211351440165,16.80687319949311,0.0,1
193,4,2,-1,3.8160650135649914,17.930809156753483,0.0,1
194,5,2,-1,7.175757547715672,14.420221189111366,0.0,1
195,6,2,-1,9.022903913826559,15.488070600686038,0.0,1
196,0,2,-1,6.428041847162282,15.414178936296967,0.0,1
197,1,2,-1,7.08541175456782,6.01517792188273,0.0,1
198,2,2,-1,5.946859347731871,10.010391590447464,0.0,1
199,3,2,-1,6.89686009900393,7.031782360861112,0.0,1
200,4,2,0,14.203712263351488,6.9972037385341235,0.0,1
201,5,3,0,18.063574703706085,6.875429069384614,0.0,1
202,6,3,0,16.80687319949311,5.175773592312228,0.0,1
203,0,3,0,17.930809156753483,3.982622528749867,0.0,1
204,1,3,0,14.420221189111366,4.830376488961958,0.0,1
205,2,3,0,15.488070600686038,6.991371260777923,0.0,1
206,3,3,0,15.414178936296967,7.6461291138919085,0.0,1
207,4,3,-1,6.01517792188273,6.041797972554297,0.0,1
208,5,3,-1,10.010391590447464,6.90131055717301,0.0,1
209,6,3,-1,7.031782360861112,5.035259739430098,0.0,1
210,0,3,-1,6.9972037385341235,4.770508032548214,0.0,1
211,1,4,-1,6.875429069384614,3.33924639507108,0.0,1
212,2,4,-1,5.175773592312228,8.19574215432646,0.0,1
213,3,4,-1,3.982622528749867,7.953890967664773,0.0,1
214,4,4,-1,4.830376488961958,7.008191630379215,0.0,1
215,5,4,-1,6.991371260777923,6.151099751620278,0.0,1
216,6,4,-1,7.6461291138919085,6.104914854761462,0.0,1
217,0,4,-1,6.041797972554297,4.707167879637455,0.0,1
218,1,4,-1,6.90131055717301,3.6960180558533993,0.0,1
219,2,4,-1,5.035259739430098,6.79768306131494,0.0,1
220,3,4,-1,4.770508032548214,9.441021174618802,0.0,1
221,4,4,-1,3.33924639507108,5.988604936533324,0.0,1
222,5,4,-1,8.19574215432646,5.9481671536846035,0.0,1
223,6,4,-1,7.953890967664773,3.2551469409584453,0.0,1
224,0,4,-1,7.008191630379215,5.1512003418602275,0.0,1
225,1,4,-1,6.151099751620278,2.3716666256441847,0.0,1
226,2,4,-1,6.104914854761462,7.4926930071422255,0.0,1
227,3,4,-1,4.707167879637455,6.856407168445604,0.0,1
228,4,4,-1,3.6960180558533993,5.921176357958948,0.0,1
229,5,4,-1,6.79768306131494,4.476390874884916,0.0,1
230,6,4,-1,9.441021174618802,3.917337504224924,0.0,1
231,0,4,-1,5.988604936533324,5.848006395607558,0.0,1
232,1,4,-1,5.9481671536846035,3.599515052357151,0.0,1
233,2,4,-1,3.2551469409584453,6.783494204606328,0.0,1
234,3,4,-1,5.1512003418602275,6.846596643707312,0.0,1
235,4,4,-1,2.3716666256441847,6.826780653395747,0.0,1
236,5,4,-1,7.4926930071422255,6.625914583142471,0.0,1
237,6,4,-1,6.856407168445604,4.8285935204723645,0.0,1
238,0,4,-1,5.921176357958948,3.5174997099687424,0.0,1
239,1,4,-1,4.476390874884916,3.578787422578682,0.0,1
240,2,4,-1,3.917337504224924,5.3850003370738,0.0,1
241,3,4,-1,5.848006395607558,7.088524056479933,0.0,1
242,4,4,-1,3.599515052357151,5.998729761058359,0.0,1
243,5,4,-1,6.783494204606328,3.6683925621493048,0.0,1
244,6,0,-1,6.846596643707312,5.619170875275151,0.0,1
245,0,0,-1,6.826780653395747,1.9749448607099809,0.0,1
246,1,0,-1,6.625914583142471,3.2241210838443704,0.0,1
247,2,0,-1,4.8285935204723645,7.22032709625983,0.0,1
248,3,0,-1,3.5174997099687424,7.155048448773999,0.0,1
249,4,0,-1,3.578787422578682,5.337197981183472,0.0,1
250,5,0,-1,5.3850003370738,5.805632539575541,0.0,1
251,6,0,-1,7.088524056479933,3.888984545757311,0.0,1
252,0,0,-1,5.998729761058359,5.431234836737341,0.0,1
253,1,0,-1,3.6683925621493048,4.6695278352294585,0.0,1
254,2,0,-1,5.619170875275151,6.723395119166562,0.0,1
255,3,0,-1,1.9749448607099809,7.9744328595076475,0.0,1
256,4,0,-1,3.2241210838443704,7.456246404049582,0.0,1
257,5,0,-1,7.22032709625983,6.703256831192648,0.0,1
258,6,0,-1,7.155048448773999,2.7749927722989343,0.0,1
259,0,0,-1,5.337197981183472,4.027169200915877,0.0,1
260,1,0,-1,5.805632539575541,2.424779457360658,0.0,1
261,2,0,-1,3.888984545757311,3.767725176057365,0.0,1
262,3,0,-1,5.431234836737341,6.510157522112651,0.0,1
263,4,0,-1,4.6695278352294585,5.734723471774877,0.0,1
264,5,0,-1,6.723395119166562,4.264973673306779,0.0,1
265,6,0,-1,7.9744328595076475,5.270706905555162,0.0,1
266,0,0,-1,7.456246404049582,3.734350764804357,0.0,1
267,1,0,-1,6.703256831192648,2.303727380995275,0.0,1
268,2,0,-1,2.7749927722989343,6.314866417369077,0.0,1
269,3,0,-1,4.027169200915877,6.972264584044265,0.0,1
270,4,0,-1,2.424779457360658,6.911278302398675,0.0,1
271,5,0,-1,3.767725176057365,4.425376463414289,0.0,1
272,6,0,-1,6.510157522112651,6.170076739580163,0.0,1
273,0,0,-1,5.734723471774877,5.322455320533697,0.0,1
274,1,0,-1,4.264973673306779,1.8146390170910942,0.0,1
275,2,1,-1,5.270706905555162,6.140694272529618,0.0,1
276,3,1,-1,3.734350764804357,7.4057553809500885,0.0,1
277,4,1,-1,2.303727380995275,4.131961345723815,0.0,1
278,5,1,-1,6.314866417369077,4.639612579038737,0.0,1
279,6,1,-1,6.972264584044265,4.453562103582065,0.0,1
280,0,1,-1,6.911278302398675,3.4618702875360783,0.0,1
281,1,1,-1,4.425376463414289,3.1519232235439643,0.0,1
282,2,1,-1,6.170076739580163,6.513439197433338,0.0,1
283,3,1,-1,5.322455320533697,5.645812089848605,0.0,1
284,4,1,-1,1.8146390170910942,4.412127665537114,0.0,1
285,5,1,-1,6.140694272529618,3.917216462133389,0.0,1
286,6,1,-1,7.4057553809500885,3.7566047705053447,0.0,1
287,0,1,-1,4.131961345723815,3.004843628143646,0.0,1
288,1,1,-1,4.639612579038737,2.309502417761607,0.0,1
289,2,1,-1,4.453562103582065,5.817857129007004,0.0,1
290,3,1,-1,3.4618702875360783,16.018662216501383,0.0,1
291,4,1,-1,3.1519232235439643,14.846467631746304,0.0,1
292,5,1,-1,6.513439197433338,15.80572093343308,0.0,1
293,6,1,-1,5.645812089848605,13.196770827045444,0.0,1
294,0,1,-1,4.412127665537114,13.419884146190212,0.0,1
295,1,1,-1,3.917216462133389,12.19038443757537,0.0,1
296,2,1,-1,3.7566047705053447,15.523799777795634,0.0,1
297,3,1,-1,3.004843628143646,6.215910375644355,0.0,1
298,4,1,-1,2.309502417761607,5.360576859058243,0.0,1
299,5,1,-1,5.817857129007004,5.63925090777251,0.0,1
300,6,1,0,16.018662216501383,3.164397072233798,0.0,1
301,0,1,0,14.846467631746304,4.510614276747453,0.0,1
302,1,1,0,15.80572093343308,2.896238564185372,0.0,1
303,2,2,0,13.196770827045444,5.3184165593549135,0.0,1
304,3,2,0,13.419884146190212,5.369702967895737,0.0,1
305,4,2,0,12.19038443757537,3.7434159989616713,0.0,1
306,5,2,0,15.523799777795634,3.8942936142902376,0.0,1
307,6,2,-1,6.215910375644355,2.5380706669866555,0.0,1
308,0,2,-1,5.360576859058243,3.8684568545730507,0.0,1
309,1,2,-1,5.63925090777251,3.559088529531838,0.0,1
310,2,2,-1,3.164397072233798,3.7999659096351737,0.0,1
311,3,2,-1,4.510614276747453,4.402918555421805,0.0,1
312,4,2,-1,2.896238564185372,4.855603601840483,0.0,1
313,5,2,-1,5.3184165593549135,4.011052483075777,0.0,1
314,6,2,-1,5.369702967895737,2.6117051167447647,0.0,1
315,0,2,-1,3.7434159989616713,3.2631225079519464,0.0,1
316,1,2,-1,3.8942936142902376,2.252993025492219,0.0,1
317,2,2,-1,2.5380706669866555,5.8392172407061365,0.0,1
318,3,2,-1,3.8684568545730507,6.485243448920681,0.0,1
319,4,2,-1,3.559088529531838,4.678276593907684,0.0,1
320,5,2,-1,3.7999659096351737,5.837954479547964,0.0,1
321,6,2,-1,4.402918555421805,4.46069067087468,0.0,1
322,0,2,-1,4.855603601840483,3.8389749449220534,0.0,1
323,1,3,-1,4.011052483075777,2.4652927697750426,0.0,1
324,2,3,-1,2.6117051167447647,5.93836806510992,0.0,1
325,3,3,-1,3.2631225079519464,5.284486240733053,0.0,1
326,4,3,-1,2.252993025492219,4.272409990230308,0.0,1
327,5,3,-1,5.8392172407061365,4.482323343268984,0.0,1
328,6,3,-1,6.485243448920681,3.2923269951305483,0.0,1
329,0,3,-1,4.678276593907684,2.9575918631829907,0.0,1
330,1,3,-1,5.837954479547964,2.925127809329267,0.0,1
331,2,3,-1,4.46069067087468,3.2879407541626025,0.0,1
332,3,3,-1,3.8389749449220534,4.7023078237697185,0.0,1
333,4,4,-1,2.4652927697750426,5.071355844215842,0.0,1
334,5,4,-1,5.93836806510992,4.5890084242689735,0.0,1
335,6,4,-1,5.284486240733053,3.4631431114272306,0.0,1
336,0,4,-1,4.272409990230308,1.4041521427656252,0.0,1
337,1,4,-1,4.482323343268984,2.1040062077516115,0.0,1
338,2,4,-1,3.2923269951305483,4.282773350121369,0.0,1
339,3,4,-1,2.9575918631829907,4.506791513276786,0.0,1
340,4,4,-1,2.925127809329267,4.8201210135924395,0.0,1
341,5,4,-1,3.2879407541626025,2.7609554514340027,0.0,1
342,6,4,-1,4.7023078237697185,1.7774705304237217,0.0,1
343,0,4,-1,5.071355844215842,1.2701389115320794,0.0,1
344,1,4,-1,4.5890084242689735,1.6796738045126582,0.0,1
345,2,4,-1,3.4631431114272306,3.551030230496318,0.0,1
346,3,4,-1,1.4041521427656252,4.986464880621617,0.0,1
347,4,4,-1,2.1040062077516115,3.783468807198878,0.0,1
348,5,4,-1,4.282773350121369,2.686712485022159,0.0,1
349,6,4,-1,4.506791513276786,2.5917831396163273,0.0,1
350,0,4,-1,4.8201210135924395,2.473783172218548,0.0,1
351,1,4,-1,2.7609554514340027,1.7330054532503454,0.0,1
352,2,4,-1,1.7774705304237217,3.8532624271052933,0.0,1
353,3,4,-1,1.2701389115320794,3.5783195846099387,0.0,1
354,4,4,-1,1.6796738045126582,3.073256609773913,0.0,1
355,5,4,-1,3.551030230496318,3.543350550339743,0.0,1
356,6,4,-1,4.986464880621617,3.2363036717876716,0.0,1
357,0,4,-1,3.783468807198878,2.899912801688826,0.0,1
358,1,4,-1,2.686712485022159,1.9292223263740014,0.0,1
359,2,4,-1,2.5917831396163273,5.619831172046522,0.0,1
360,3,4,-1,2.473783172218548,5.903317774134976,0.0,1
361,4,4,-1,1.7330054532503454,3.0243303064288494,0.0,1
362,5,4,-1,3.8532624271052933,1.9046974587197902,0.0,1
363,6,4,-1,3.5783195846099387,2.0166327023109027,0.0,1
364,0,4,-1,3.073256609773913,1.6526692106972825,0.0,1
365,1,4,-1,3.543350550339743,1.5373173382853245,0.0,1
366,2,0,-1,3.2363036717876716,3.405891958278497,0.0,1
367,3,0,-1,2.899912801688826,5.214969147836774,0.0,1
368,4,0,-1,1.9292223263740014,1.8810962657794572,0.0,1
369,5,0,-1,5.619831172046522,1.7293403079008687,0.0,1
370,6,0,-1,5.903317774134976,4.399477577660079,0.0,1
371,0,0,-1,3.0243303064288494,1.6375732696517646,0.0,1
372,1,0,-1,1.9046974587197902,2.3371404030738265,0.0,1
373,2,0,-1,2.0166327023109027,2.9198837765543417,0.0,1
374,3,0,-1,1.6526692106972825,2.779885974229425,0.0,1
375,4,0,-1,1.5373173382853245,2.4334213468055457,0.0,1
376,5,0,-1,3.405891958278497,2.434575757127733,0.0,1
377,6,0,-1,5.214969147836774,3.0534235721995255,0.0,1
378,0,0,-1,1.8810962657794572,1.6269726558651607,0.0,1
379,1,0,-1,1.7293403079008687,0.9222026088365298,0.0,1
380,2,0,-1,4.399477577660079,2.486893820892191,0.0,1
381,3,0,-1,1.6375732696517646,3.2975203800902464,0.0,1
382,4,0,-1,2.3371404030738265,2.0456290434989635,0.0,1
383,5,0,-1,2.9198837765543417,2.1241390226488086,0.0,1
384,6,0,-1,2.779885974229425,0.9764322055421555,0.0,1
385,0,0,-1,2.4334213468055457,1.7424992619666408,0.0,1
386,1,0,-1,2.434575757127733,2.1693294252312016,0.0,1
387,2,0,-1,3.0534235721995255,3.1630879359952373,0.0,1
388,3,0,-1,1.6269726558651607,2.677640707570029,0.0,1
389,4,0,-1,0.9222026088365298,2.7100276545854385,0.0,1
390,5,0,-1,2.486893820892191,11.892809353584285,0.0,1
391,6,0,-1,3.2975203800902464,14.753513631029533,0.0,1
392,0,0,-1,2.0456290434989635,11.401276796634667,0.0,1
393,1,0,-1,2.1241390226488086,12.643052497975763,0.0,1
394,2,0,-1,0.9764322055421555,13.734110473735939,0.0,1
395,3,0,-1,1.7424992619666408,11.902265396121123,0.0,1
396,4,0,-1,2.1693294252312016,11.867733852609803,0.0,1
397,5,1,-1,3.1630879359952373,2.9358172132793823,0.0,1
398,6,1,-1,2.677640707570029,2.4388749518653103,0.0,1
399,0,1,-1,2.7100276545854385,2.5110275660480963,0.0,1
400,1,1,0,11.892809353584285,0.8813836872947035,0.0,1
401,2,1,0,14.753513631029533,2.782852571063568,0.0,1
402,3,1,0,11.401276796634667,3.7808958323112067,0.0,1
403,4,1,0,12.643052497975763,2.955935027142622,0.0,1
404,5,1,0,13.734110473735939,-1.1619922085240724,0.0,1
405,6,1,0,11.902265396121123,1.4015735265581857,0.0,1
406,0,1,0,11.867733852609803,2.391397371411065,0.0,1
407,1,1,-1,2.9358172132793823,0.49273679037394935,0.0,1
408,2,1,-1,2.4388749518653103,2.7266664262254796,0.0,1
409,3,1,-1,2.5110275660480963,3.0596513888432053,0.0,1
410,4,1,-1,0.8813836872947035,0.9687775742745062,0.0,1
411,5,1,-1,2.782852571063568,2.4898432649200135,0.0,1
412,6,1,-1,3.7808958323112067,2.135528417746228,0.0,1
413,0,1,-1,2.955935027142622,2.630471677718803,0.0,1
414,1,1,-1,-1.1619922085240724,-0.054915252652951496,0.0,1
415,2,1,-1,1.4015735265581857,2.2518661491004477,0.0,1
416,3,1,-1,2.391397371411065,2.07205024807828,0.0,1
417,4,1,-1,0.49273679037394935,0.004344764795940481,0.0,1
418,5,1,-1,2.7266664262254796,2.051202583555952,0.0,1
419,6,1,-1,3.0596513888432053,0.20490755158398355,0.0,1
420,0,1,-1,0.9687775742745062,1.0471136246445778,0.0,1
421,1,1,-1,2.4898432649200135,0.08818790952747202,0.0,1
422,2,1,-1,2.135528417746228,1.9999000636573874,0.0,1
423,3,1,-1,2.630471677718803,1.887863975678875,0.0,1
424,4,1,-1,-0.054915252652951496,1.13382125315085,0.0,1
425,5,2,-1,2.2518661491004477,0.5930658218231142,0.0,1
426,6,2,-1,2.07205024807828,2.407768460339895,0.0,1
427,0,2,-1,0.004344764795940481,0.7127239199258498,0.0,1
428,1,2,-1,2.051202583555952,1.7771301448287358,0.0,1
429,2,2,-1,0.20490755158398355,1.2613041351932694,0.0,1
430,3,2,-1,1.0471136246445778,0.8785163375991117,0.0,1
431,4,2,-1,0.08818790952747202,1.2565251977328362,0.0,1
432,5,2,-1,1.9999000636573874,0.5072469453225824,0.0,1
433,6,2,-1,1.887863975678875,2.089058530449147,0.0,1
434,0,2,-1,1.13382125315085,1.979045158186822,0.0,1
435,1,2,-1,0.5930658218231142,1.6260124888533842,0.0,1
436,2,2,-1,2.407768460339895,0.5113040150666079,0.0,1
437,3,2,-1,0.7127239199258498,0.207699068989444,0.0,1
438,4,2,-1,1.7771301448287358,0.9623121311115375,0.0,1
439,5,2,-1,1.2613041351932694,-0.18853897323271362,0.0,1
440,6,2,-1,0.8785163375991117,2.148684527375577,0.0,1
441,0,2,-1,1.2565251977328362,1.1999604952740326,0.0,1
442,1,2,-1,0.5072469453225824,1.624337681118523,0.0,1
443,2,2,-1,2.089058530449147,3.1045908968074873,0.0,1
444,3,2,-1,1.979045158186822,3.101101512538177,0.0,1
445,4,3,-1,1.6260124888533842,2.692159278199627,0.0,1
446,5,3,-1,0.5113040150666079,1.1321495341216088,0.0,1
447,6,3,-1,0.207699068989444,0.7945998264023084,0.0,1
448,0,3,-1,0.9623121311115375,-0.8488936729192388,0.0,1
449,1,3,-1,-0.18853897323271362,3.2920504539292583,0.0,1
450,2,3,-1,2.148684527375577,1.1629802682473644,0.0,1
451,3,3,-1,1.1999604952740326,-0.08266785338724203,0.0,1
452,4,3,-1,1.624337681118523,1.5595931054454257,0.0,1
453,5,3,-1,3.1045908968074873,0.5344805896531866,0.0,1
454,6,3,-1,3.101101512538177,0.2060158985783609,0.0,1
455,0,4,-1,2.692159278199627,0.07753884145813056,0.0,1
456,1,4,-1,1.1321495341216088,1.8725622175745293,0.0,1
457,2,4,-1,0.7945998264023084,0.30458816947319645,0.0,1
458,3,4,-1,-0.8488936729192388,-1.2199718069925152,0.0,1
459,4,4,-1,3.2920504539292583,2.1559494732302578,0.0,1
460,5,4,-1,1.1629802682473644,-0.5655208552939247,0.0,1
461,6,4,-1,-0.08266785338724203,-0.5644704539253699,0.0,1
462,0,4,-1,1.5595931054454257,0.9142910026076989,0.0,1
463,1,4,-1,0.5344805896531866,0.591521151968172,0.0,1
464,2,4,-1,0.2060158985783609,0.07498674889104684,0.0,1
465,3,4,-1,0.07753884145813056,-0.3549693262723832,0.0,1
466,4,4,-1,1.8725622175745293,1.14729876238814,0.0,1
467,5,4,-1,0.30458816947319645,0.1471774572005558,0.0,1
468,6,4,-1,-1.2199718069925152,-0.3516896436032467,0.0,1
469,0,4,-1,2.1559494732302578,1.2241194018976065,0.0,1
470,1,4,-1,-0.5655208552939247,1.3146170420442145,0.0,1
471,2,4,-1,-0.5644704539253699,1.6549375573588507,0.0,1
472,3,4,-1,0.9142910026076989,0.4862501777107254,0.0,1
473,4,4,-1,0.591521151968172,1.9454305486883996,0.0,1
474,5,4,-1,0.07498674889104684,0.24255364820267175,0.0,1
475,6,4,-1,-0.3549693262723832,-0.7840720815428265,0.0,1
476,0,4,-1,1.14729876238814,0.13263961523481563,0.0,1
477,1,4,-1,0.1471774572005558,0.22676787302264256,0.0,1
478,2,4,-1,-0.3516896436032467,0.2089927951230303,0.0,1
479,3,4,-1,1.2241194018976065,0.8916372689487121,0.0,1
480,4,4,-1,1.3146170420442145,1.0387376122110983,0.0,1
481,5,4,-1,1.6549375573588507,1.1394957009244795,0.0,1
482,6,4,-1,0.4862501777107254,-1.521272763588967,0.0,1
483,0,4,-1,1.9454305486883996,-1.7950575734926002,0.0,1
484,1,4,-1,0.24255364820267175,-0.8433825823032862,0.0,1
485,2,4,-1,-0.7840720815428265,1.1510801145218719,0.0,1
486,3,4,-1,0.13263961523481563,-0.5669132562543985,0.0,1
487,4,4,-1,0.22676787302264256,0.03608981087913378,0.0,1
488,5,0,-1,0.2089927951230303,0.5906655468038992,0.0,1
489,6,0,-1,0.8916372689487121,0.05143286549548648,0.0,1
490,0,0,-1,1.0387376122110983,9.07543579690369,0.0,1
491,1,0,-1,1.1394957009244795,8.833084589806163,0.0,1
492,2,0,-1,-1.521272763588967,9.830518099904761,0.0,1
493,3,0,-1,-1.7950575734926002,9.19766131815651,0.0,1
494,4,0,-1,-0.8433825823032862,7.834934903454042,0.0,1
495,5,0,-1,1.1510801145218719,6.452861770760894,0.0,1
496,6,0,-1,-0.5669132562543985,11.724881462583195,0.0,1
497,0,0,-1,0.03608981087913378,0.36249662927207055,0.0,1
498,1,0,-1,0.5906655468038992,0.3182958326730307,0.0,1
499,2,0,-1,0.05143286549548648,-1.0456211693382143,0.0,1
500,3,0,0,9.07543579690369,0.08120284585210469,0.0,1
501,4,0,0,8.833084589806163,-0.9579559037817483,0.0,1
502,5,0,0,9.830518099904761,-0.7192675639057342,0.0,1
503,6,0,0,9.19766131815651,0.16455795535356488,0.0,1
504,0,0,0,7.834934903454042,0.4669665700161699,0.0,1
505,1,0,0,6.452861770760894,-1.393493788391638,0.0,1
506,2,0,0,11.724881462583195,-0.4002951067802491,0.0,1
507,3,0,-1,0.36249662927207055,0.028336123730328566,0.0,1
508,4,0,-1,0.3182958326730307,-0.24621790576388825,0.0,1
509,5,0,-1,-1.0456211693382143,-1.215515342350516,0.0,1
510,6,0,-1,0.08120284585210469,-1.5315653868218035,0.0,1
511,0,0,-1,-0.9579559037817483,-0.4830627059629051,0.0,1
512,1,0,-1,-0.7192675639057342,0.1458454347574199,0.0,1
513,2,0,-1,0.16455795535356488,0.27526031962929376,0.0,1
514,3,0,-1,0.4669665700161699,-0.6838206033351097,0.0,1
515,4,0,-1,-1.393493788391638,0.42065776827968004,0.0,1
516,5,0,-1,-0.4002951067802491,-0.15756832151630784,0.0,1
517,6,0,-1,0.028336123730328566,-0.6663217303039066,0.0,1
518,0,0,-1,-0.24621790576388825,-1.3235740000008651,0.0,1
519,1,1,-1,-1.215515342350516,-0.9755894602286441,0.0,1
520,2,1,-1,-1.5315653868218035,-1.529060959932946,0.0,1
521,3,1,-1,-0.4830627059629051,-2.202213309323901,0.0,1
522,4,1,-1,0.1458454347574199,-1.1311644332060893,0.0,1
523,5,1,-1,0.27526031962929376,-1.7709262589204786,0.0,1
524,6,1,-1,-0.6838206033351097,-1.8879760617951842,0.0,1
525,0,1,-1,0.42065776827968004,-0.06412157565516052,0.0,1
526,1,1,-1,-0.15756832151630784,-0.6440037469687876,0.0,1
527,2,1,-1,-0.6663217303039066,-1.4170368931211175,0.0,1
528,3,1,-1,-1.3235740000008651,-2.1597497907110634,0.0,1
529,4,1,-1,-0.9755894602286441,-0.19655553906384648,0.0,1
530,5,1,-1,-1.529060959932946,-0.1979745117219338,0.0,1
531,6,1,-1,-2.202213309323901,-1.6281320286411165,0.0,1
532,0,1,-1,-1.1311644332060893,-1.7528172884378677,0.0,1
533,1,1,-1,-1.7709262589204786,-1.6502431119810386,0.0,1
534,2,1,-1,-1.8879760617951842,-1.1819507401508353,0.0,1
535,3,1,-1,-0.06412157565516052,-1.8513524052816157,0.0,1
536,4,1,-1,-0.6440037469687876,-2.053042022057257,0.0,1
537,5,1,-1,-1.4170368931211175,-1.3992918180296767,0.0,1
538,6,1,-1,-2.1597497907110634,-2.199023924421989,0.0,1
539,0,1,-1,-0.19655553906384648,-0.4486247728143544,0.0,1
540,1,1,-1,-0.1979745117219338,0.2750805304988686,0.0,1
541,2,1,-1,-1.6281320286411165,-3.5517181790269703,0.0,1
542,3,1,-1,-1.7528172884378677,-2.535048258943378,0.0,1
543,4,1,-1,-1.6502431119810386,-2.4194886894435323,0.0,1
544,5,1,-1,-1.1819507401508353,-0.19807594856298016,0.0,1
545,6,1,-1,-1.8513524052816157,-2.651238995078181,0.0,1
546,0,1,-1,-2.053042022057257,-0.4184440981956309,0.0,1
547,1,2,-1,-1.3992918180296767,-1.2563514304161754,0.0,1
548,2,2,-1,-2.199023924421989,-1.3347798817896614,0.0,1
549,3,2,-1,-0.4486247728143544,-2.0829251679863177,0.0,1
550,4,2,-1,0.2750805304988686,-2.696523148902766,0.0,1
551,5,2,-1,-3.5517181790269703,-0.7428769642043773,0.0,1
552,6,2,-1,-2.535048258943378,-0.706620469459217,0.0,1
553,0,2,-1,-2.4194886894435323,-1.8895731475446562,0.0,1
554,1,2,-1,-0.19807594856298016,-1.0847390026785875,0.0,1
555,2,2,-1,-2.651238995078181,-4.202390801259072,0.0,1
556,3,2,-1,-0.4184440981956309,-1.833266365111591,0.0,1
557,4,2,-1,-1.2563514304161754,-3.7821461573027184,0.0,1
558,5,2,-1,-1.3347798817896614,-4.413350750642294,0.0,1
559,6,2,-1,-2.0829251679863177,-2.1232102669162085,0.0,1
560,0,2,-1,-2.696523148902766,-0.8356318346661153,0.0,1
561,1,2,-1,-0.7428769642043773,-0.8196762347341497,0.0,1
562,2,2,-1,-0.706620469459217,-1.7797476488051163,0.0,1
563,3,2,-1,-1.8895731475446562,-1.4672430321711154,0.0,1
564,4,2,-1,-1.0847390026785875,-2.5635792672099225,0.0,1
565,5,2,-1,-4.202390801259072,-2.2069178850168165,0.0,1
566,6,2,-1,-1.833266365111591,-2.9852975407413833,0.0,1
567,0,3,-1,-3.7821461573027184,-1.3690035658839252,0.0,1
568,1,3,-1,-4.413350750642294,0.40101064203552195,0.0,1
569,2,3,-1,-2.1232102669162085,-4.025980905362594,0.0,1
570,3,3,-1,-0.8356318346661153,-2.101420485473898,0.0,1
571,4,3,-1,-0.8196762347341497,-1.9018364396215883,0.0,1
572,5,3,-1,-1.7797476488051163,-1.6511855890132194,0.0,1
573,6,3,-1,-1.4672430321711154,-2.874055903595773,0.0,1
574,0,3,-1,-2.5635792672099225,-0.7578061944037457,0.0,1
575,1,3,-1,-2.2069178850168165,-0.48293415265460893,0.0,1
576,2,3,-1,-2.9852975407413833,-2.393490149574833,0.0,1
577,3,4,-1,-1.3690035658839252,-2.2860664478949118,0.0,1
578,4,4,-1,0.40101064203552195,-2.247520341944461,0.0,1
579,5,4,-1,-4.025980905362594,-4.112868813154354,0.0,1
580,6,4,-1,-2.101420485473898,-2.5366286499032316,0.0,1
581,0,4,-1,-1.9018364396215883,-2.829008051219365,0.0,1
582,1,4,-1,-1.6511855890132194,-1.2129805151536566,0.0,1
583,2,4,-1,-2.874055903595773,-1.7707193017970755,0.0,1
584,3,4,-1,-0.7578061944037457,-3.1924688554922045,0.0,1
585,4,4,-1,-0.48293415265460893,-2.0482768319223226,0.0,1
586,5,4,-1,-2.393490149574833,-1.5715393398985928,0.0,1
587,6,4,-1,-2.2860664478949118,-2.1454629654121384,0.0,1
588,0,4,-1,-2.247520341944461,-3.4233976636471706,0.0,1
589,1,4,-1,-4.112868813154354,-0.8251837333491517,0.0,1
590,2,4,-1,-2.5366286499032316,6.243929601352131,0.0,1
591,3,4,-1,-2.829008051219365,6.20394858611336,0.0,1
592,4,4,-1,-1.2129805151536566,5.94687187943776,0.0,1
593,5,4,-1,-1.7707193017970755,7.270918466309069,0.0,1
594,6,4,-1,-3.1924688554922045,9.638809823207783,0.0,1
595,0,4,-1,-2.0482768319223226,8.750144319079155,0.0,1
596,1,4,-1,-1.5715393398985928,9.837537864750452,0.0,1
597,2,4,-1,-2.1454629654121384,-3.245324073172987,0.0,1
598,3,4,-1,-3.4233976636471706,-4.788215592091461,0.0,1
599,4,4,-1,-0.8251837333491517,-1.700181828539979,0.0,1
600,5,4,0,6.243929601352131,-2.390389605564924,0.0,1
601,6,4,0,6.20394858611336,-2.2426240652280027,0.0,1
602,0,4,0,5.94687187943776,-1.9856196918308597,0.0,1
603,1,4,0,7.270918466309069,-1.7989457918295597,0.0,1
604,2,4,0,9.638809823207783,-2.6134092245136404,0.0,1
605,3,4,0,8.750144319079155,-3.0738864786614366,0.0,1
606,4,4,0,9.837537864750452,-3.683098608995573,0.0,1
607,5,4,-1,-3.245324073172987,-2.003471273281588,0.0,1
608,6,4,-1,-4.788215592091461,-2.7845948500463233,0.0,1
609,0,4,-1,-1.700181828539979,-1.4104075904603786,0.0,1
610,1,0,-1,-2.390389605564924,-2.258467137173077,0.0,1
611,2,0,-1,-2.2426240652280027,-4.423930582922092,0.0,1
612,3,0,-1,-1.9856196918308597,-4.727568949245881,0.0,1
613,4,0,-1,-1.7989457918295597,-3.0176746757156105,0.0,1
614,5,0,-1,-2.6134092245136404,-4.7185159171389035,0.0,1
615,6,0,-1,-3.0738864786614366,-3.3909474668480595,0.0,1
616,0,0,-1,-3.683098608995573,-2.598066904405205,0.0,1
617,1,0,-1,-2.003471273281588,-1.7423110329466496,0.0,1
618,2,0,-1,-2.7845948500463233,-4.292424677841974,0.0,1
619,3,0,-1,-1.4104075904603786,-3.16974769362884,0.0,1
620,4,0,-1,-2.258467137173077,-3.187607106467162,0.0,1
621,5,0,-1,-4.423930582922092,-4.238758620864379,0.0,1
622,6,0,-1,-4.727568949245881,-3.6430959603285795,0.0,1
623,0,0,-1,-3.0176746757156105,-2.9465680687521294,0.0,1
624,1,0,-1,-4.7185159171389035,-1.5665387569168623,0.0,1
625,2,0,-1,-3.3909474668480595,-2.9241473220499006,0.0,1
626,3,0,-1,-2.598066904405205,-3.686489247656373,0.0,1
627,4,0,-1,-1.7423110329466496,-2.676757961639294,0.0,1
628,5,0,-1,-4.292424677841974,-3.3473755309068,0.0,1
629,6,0,-1,-3.16974769362884,-3.661286485222467,0.0,1
630,0,0,-1,-3.187607106467162,-3.1187472899447095,0.0,1
631,1,0,-1,-4.238758620864379,-2.5009719521277516,0.0,1
632,2,0,-1,-3.6430959603285795,-3.3367359742724396,0.0,1
633,3,0,-1,-2.9465680687521294,-3.7404426949322196,0.0,1
634,4,0,-1,-1.5665387569168623,-4.861787234072991,0.0,1
635,5,0,-1,-2.9241473220499006,-1.9723159104278971,0.0,1
636,6,0,-1,-3.686489247656373,-2.8796303276712445,0.0,1
637,0,0,-1,-2.676757961639294,-2.2606894928072565,0.0,1
638,1,0,-1,-3.3473755309068,-1.4298091296579192,0.0,1
639,2,0,-1,-3.661286485222467,-4.571660733531214,0.0,1
640,3,0,-1,-3.1187472899447095,-4.92335769076395,0.0,1
641,4,1,-1,-2.5009719521277516,-3.8039207985279893,0.0,1
642,5,1,-1,-3.3367359742724396,-3.6937000177189385,0.0,1
643,6,1,-1,-3.7404426949322196,-2.8603761912912375,0.0,1
644,0,1,-1,-4.861787234072991,-3.084509059938652,0.0,1
645,1,1,-1,-1.9723159104278971,-0.07367280179035118,0.0,1
646,2,1,-1,-2.8796303276712445,-5.019858822316893,0.0,1
647,3,1,-1,-2.2606894928072565,-6.486921168582668,0.0,1
648,4,1,-1,-1.4298091296579192,-4.73167946235738,0.0,1
649,5,1,-1,-4.571660733531214,-3.81520541051714,0.0,1
650,6,1,-1,-4.92335769076395,-3.6855120450456282,0.0,1
651,0,1,-1,-3.8039207985279893,-1.4222332085787048,0.0,1
652,1,1,-1,-3.6937000177189385,-3.580154761854317,0.0,1
653,2,1,-1,-2.8603761912912375,-5.820976553833304,0.0,1
654,3,1,-1,-3.084509059938652,-5.993875256545685,0.0,1
655,4,1,-1,-0.07367280179035118,-3.063504927623814,0.0,1
656,5,1,-1,-5.019858822316893,-4.68799676118901,0.0,1
657,6,1,-1,-6.486921168582668,-3.1979011077950674,0.0,1
658,0,1,-1,-4.73167946235738,-0.7339468887128016,0.0,1
659,1,1,-1,-3.81520541051714,-2.5616492327591898,0.0,1
660,2,1,-1,-3.6855120450456282,-5.544656699206473,0.0,1
661,3,1,-1,-1.4222332085787048,-4.719876174300848,0.0,1
662,4,1,-1,-3.580154761854317,-4.440361407965995,0.0,1
663,5,1,-1,-5.820976553833304,-3.684080629395377,0.0,1
664,6,1,-1,-5.993875256545685,-5.797804205296671,0.0,1
665,0,1,-1,-3.063504927623814,-2.8133468943212785,0.0,1
666,1,1,-1,-4.68799676118901,-2.488519374685645,0.0,1
667,2,1,-1,-3.1979011077950674,-6.114710278887419,0.0,1
668,3,1,-1,-0.7339468887128016,-6.185342766075921,0.0,1
669,4,2,-1,-2.5616492327591898,-6.131211052273284,0.0,1
670,5,2,-1,-5.544656699206473,-4.35002082266625,0.0,1
671,6,2,-1,-4.719876174300848,-3.765987339697954,0.0,1
672,0,2,-1,-4.440361407965995,-4.145196529601884,0.0,1
673,1,2,-1,-3.684080629395377,-4.71191998526543,0.0,1
674,2,2,-1,-5.797804205296671,-5.213553061956447,0.0,1
675,3,2,-1,-2.8133468943212785,-6.891397773217933,0.0,1
676,4,2,-1,-2.488519374685645,-4.920942941433116,0.0,1
677,5,2,-1,-6.114710278887419,-4.433178779650687,0.0,1
678,6,2,-1,-6.185342766075921,-3.150583069984295,0.0,1
679,0,2,-1,-6.131211052273284,-3.585604698177279,0.0,1
680,1,2,-1,-4.35002082266625,-3.737900658289231,0.0,1
681,2,2,-1,-3.765987339697954,-4.763398599957748,0.0,1
682,3,2,-1,-4.145196529601884,-4.2304860852880415,0.0,1
683,4,2,-1,-4.71191998526543,-4.883349419373638,0.0,1
684,5,2,-1,-5.213553061956447,-3.40908907754065,0.0,1
685,6,2,-1,-6.891397773217933,-5.376874878811516,0.0,1
686,0,2,-1,-4.920942941433116,-2.6633474686554814,0.0,1
687,1,2,-1,-4.433178779650687,-3.3639013875317065,0.0,1
688,2,2,-1,-3.150583069984295,-5.531304633999833,0.0,1
689,3,3,-1,-3.585604698177279,-3.754792431508262,0.0,1
690,4,3,-1,-3.737900658289231,5.670330341031951,0.0,1
691,5,3,-1,-4.763398599957748,6.198586735950224,0.0,1
692,6,3,-1,-4.2304860852880415,5.427546053427042,0.0,1
693,0,3,-1,-4.883349419373638,6.375859070783053,0.0,1
694,1,3,-1,-3.40908907754065,6.315263958671512,0.0,1
695,2,3,-1,-5.376874878811516,4.493253019096606,0.0,1
696,3,3,-1,-2.6633474686554814,3.536861793948369,0.0,1
697,4,3,-1,-3.3639013875317065,-5.543024189019661,0.0,1
698,5,3,-1,-5.531304633999833,-5.400814249779984,0.0,1
699,6,4,-1,-3.754792431508262,-6.41883867553056,0.0,1
700,0,4,0,5.670330341031951,-3.6193541353929493,0.0,1
701,1,4,0,6.198586735950224,-4.133794256314982,0.0,1
702,2,4,0,5.427546053427042,-6.4343231482905585,0.0,1
703,3,4,0,6.375859070783053,-6.999632225215018,0.0,1
704,4,4,0,6.315263958671512,-6.544473779973494,0.0,1
705,5,4,0,4.493253019096606,-4.145476101555188,0.0,1
706,6,4,0,3.536861793948369,-4.084581421153524,0.0,1
707,0,4,-1,-5.543024189019661,-3.9095172625380172,0.0,1
708,1,4,-1,-5.400814249779984,-3.567023860780026,0.0,1
709,2,4,-1,-6.41883867553056,-7.026980944835763,0.0,1
710,3,4,-1,-3.6193541353929493,-5.2428932426915384,0.0,1
711,4,4,-1,-4.133794256314982,-5.893821685306632,0.0,1
712,5,4,-1,-6.4343231482905585,-6.451566632915936,0.0,1
713,6,4,-1,-6.999632225215018,-5.236659305703859,0.0,1
714,0,4,-1,-6.544473779973494,-3.3521961080531777,0.0,1
715,1,4,-1,-4.145476101555188,-4.40438813314608,0.0,1
716,2,4,-1,-4.084581421153524,-6.61758988090505,0.0,1
717,3,4,-1,-3.9095172625380172,-6.159440454649708,0.0,1
718,4,4,-1,-3.567023860780026,-5.973449147638367,0.0,1
719,5,4,-1,-7.026980944835763,-6.781720230453233,0.0,1
720,6,4,-1,-5.2428932426915384,-4.363690621547123,0.0,1
721,0,4,-1,-5.893821685306632,-5.1385610159073325,0.0,1
722,1,4,-1,-6.451566632915936,-3.678362252227843,0.0,1
723,2,4,-1,-5.236659305703859,-6.166435037775709,0.0,1
724,3,4,-1,-3.3521961080531777,-7.775311795518195,0.0,1
725,4,4,-1,-4.40438813314608,-5.0762064194996634,0.0,1
726,5,4,-1,-6.61758988090505,-5.5127157985633755,0.0,1
727,6,4,-1,-6.159440454649708,-5.2169708360347915,0.0,1
728,0,4,-1,-5.973449147638367,-3.6075560431290157,0.0,1
729,1,4,-1,-6.781720230453233,-5.751713675838164,0.0,1
730,2,4,-1,-4.363690621547123,-6.255170967534506,0.0,1
731,3,4,-1,-5.1385610159073325,-7.174439153085052,0.0,1
732,4,0,-1,-3.678362252227843,-5.569098120182785,0.0,1
733,5,0,-1,-6.166435037775709,-4.537871322114714,0.0,1
734,6,0,-1,-7.775311795518195,-3.1757320622680414,0.0,1
735,0,0,-1,-5.0762064194996634,-2.664850996218324,0.0,1
736,1,0,-1,-5.5127157985633755,-3.9174661505948802,0.0,1
737,2,0,-1,-5.2169708360347915,-6.371764926657245,0.0,1
738,3,0,-1,-3.6075560431290157,-7.231878186450122,0.0,1
739,4,0,-1,-5.751713675838164,-7.379808239005737,0.0,1
740,5,0,-1,-6.255170967534506,-4.7479975665178475,0.0,1
741,6,0,-1,-7.174439153085052,-5.5013561599773215,0.0,1
742,0,0,-1,-5.569098120182785,-5.09563583371261,0.0,1
743,1,0,-1,-4.537871322114714,-5.068408237465228,0.0,1
744,2,0,-1,-3.1757320622680414,-8.678399714978148,0.0,1
745,3,0,-1,-2.664850996218324,-6.6965187744339305,0.0,1
746,4,0,-1,-3.9174661505948802,-5.285858523851835,0.0,1
747,5,0,-1,-6.371764926657245,-6.443815815297288,0.0,1
748,6,0,-1,-7.231878186450122,-5.06762589478807,0.0,1
749,0,0,-1,-7.379808239005737,-4.847330829033114,0.0,1
750,1,0,-1,-4.7479975665178475,-3.5057432422477675,0.0,1
751,2,0,-1,-5.5013561599773215,-6.161845124682416,0.0,1
752,3,0,-1,-5.09563583371261,-5.603735530099257,0.0,1
753,4,0,-1,-5.068408237465228,-7.43370544894744,0.0,1
754,5,0,-1,-8.678399714978148,-5.860917783657516,0.0,1
755,6,0,-1,-6.6965187744339305,-7.467259013455575,0.0,1
756,0,0,-1,-5.285858523851835,-4.341753906963182,0.0,1
757,1,0,-1,-6.443815815297288,-3.947408960340727,0.0,1
758,2,0,-1,-5.06762589478807,-7.182225107710959,0.0,1
759,3,0,-1,-4.847330829033114,-8.122885498271382,0.0,1
760,4,0,-1,-3.5057432422477675,-8.029921864831921,0.0,1
761,5,0,-1,-6.161845124682416,-5.952029774373275,0.0,1
762,6,0,-1,-5.603735530099257,-5.0104713375639,0.0,1
763,0,1,-1,-7.43370544894744,-4.866618219405748,0.0,1
764,1,1,-1,-5.860917783657516,-2.928706538850789,0.0,1
765,2,1,-1,-7.467259013455575,-9.53041692308182,0.0,1
766,3,1,-1,-4.341753906963182,-7.972428831893591,0.0,1
767,4,1,-1,-3.947408960340727,-7.182520808321957,0.0,1
768,5,1,-1,-7.182225107710959,-6.849287387994147,0.0,1
769,6,1,-1,-8.122885498271382,-4.583281783011414,0.0,1
770,0,1,-1,-8.029921864831921,-3.025141517461016,0.0,1
771,1,1,-1,-5.952029774373275,-2.9007406519673413,0.0,1
772,2,1,-1,-5.0104713375639,-5.989503260453887,0.0,1
773,3,1,-1,-4.866618219405748,-8.890815933554473,0.0,1
774,4,1,-1,-2.928706538850789,-8.055090874439532,0.0,1
775,5,1,-1,-9.53041692308182,-7.507825915206566,0.0,1
776,6,1,-1,-7.972428831893591,-6.406666769611903,0.0,1
777,0,1,-1,-7.182520808321957,-5.248641574289821,0.0,1
778,1,1,-1,-6.849287387994147,-1.6388815399851762,0.0,1
779,2,1,-1,-4.583281783011414,-8.386640156202521,0.0,1
780,3,1,-1,-3.025141517461016,-8.507084460597776,0.0,1
781,4,1,-1,-2.9007406519673413,-7.283163494789056,0.0,1
782,5,1,-1,-5.989503260453887,-4.989034195314197,0.0,1
783,6,1,-1,-8.890815933554473,-4.023797712222519,0.0,1
784,0,1,-1,-8.055090874439532,-5.454402455543383,0.0,1
785,1,1,-1,-7.507825915206566,-5.0709966150845025,0.0,1
786,2,1,-1,-6.406666769611903,-7.453472699272642,0.0,1
787,3,1,-1,-5.248641574289821,-7.4754255251853685,0.0,1
788,4,1,-1,-1.6388815399851762,-8.404971278576712,0.0,1
789,5,1,-1,-8.386640156202521,-6.846416032068866,0.0,1
790,6,1,-1,-8.507084460597776,3.5613522018082477,0.0,1
791,0,2,-1,-7.283163494789056,6.129363344148015,0.0,1
792,1,2,-1,-4.989034195314197,5.015438885714399,0.0,1
793,2,2,-1,-4.023797712222519,1.5838663407833549,0.0,1
794,3,2,-1,-5.454402455543383,0.8111246352590638,0.0,1
795,4,2,-1,-5.0709966150845025,2.103750421891441,0.0,1
796,5,2,-1,-7.453472699272642,2.4843947846073475,0.0,1
797,6,2,-1,-7.4754255251853685,-5.0719485714936905,0.0,1
798,0,2,-1,-8.404971278576712,-6.439354340384456,0.0,1
799,1,2,-1,-6.846416032068866,-3.905364127810995,0.0,1
800,2,2,0,3.5613522018082477,-9.841391707974925,0.0,1
801,3,2,0,6.129363344148015,-8.40564828247024,0.0,1
802,4,2,0,5.015438885714399,-8.947048820423605,0.0,1
803,5,2,0,1.5838663407833549,-5.579516800388275,0.0,1
804,6,2,0,0.8111246352590638,-6.614230292544832,0.0,1
805,0,2,0,2.103750421891441,-5.74798127600303,0.0,1
806,1,2,0,2.4843947846073475,-2.9958079374497317,0.0,1
807,2,2,-1,-5.0719485714936905,-9.065830261026864,0.0,1
808,3,2,-1,-6.439354340384456,-7.946547667191563,0.0,1
809,4,2,-1,-3.905364127810995,-9.013480365430185,0.0,1
810,5,2,-1,-9.841391707974925,-7.405752535978518,0.0,1
811,6,3,-1,-8.40564828247024,-5.095167611787385,0.0,1
812,0,3,-1,-8.947048820423605,-4.976907551743733,0.0,1
813,1,3,-1,-5.579516800388275,-4.301620790202198,0.0,1
814,2,3,-1,-6.614230292544832,-8.97724796700691,0.0,1
815,3,3,-1,-5.74798127600303,-8.87364886192894,0.0,1
816,4,3,-1,-2.9958079374497317,-10.2798845704963,0.0,1
817,5,3,-1,-9.065830261026864,-8.144048120029668,0.0,1
818,6,3,-1,-7.946547667191563,-3.679386380425797,0.0,1
819,0,3,-1,-9.013480365430185,-5.109413196247636,0.0,1
820,1,3,-1,-7.405752535978518,-5.51583532110325,0.0,1
821,2,4,-1,-5.095167611787385,-10.05018007233398,0.0,1
822,3,4,-1,-4.976907551743733,-8.27797469489991,0.0,1
823,4,4,-1,-4.301620790202198,-11.552929656180169,0.0,1
824,5,4,-1,-8.97724796700691,-8.080207577999778,0.0,1
825,6,4,-1,-8.87364886192894,-6.581934492675313,0.0,1
826,0,4,-1,-10.2798845704963,-6.402396965233459,0.0,1
827,1,4,-1,-8.144048120029668,-5.630667078966026,0.0,1
828,2,4,-1,-3.679386380425797,-8.190191780683215,0.0,1
829,3,4,-1,-5.109413196247636,-7.790585993533501,0.0,1
830,4,4,-1,-5.51583532110325,-8.687388314519536,0.0,1
831,5,4,-1,-10.05018007233398,-8.016110090925482,0.0,1
832,6,4,-1,-8.27797469489991,-7.927934113033959,0.0,1
833,0,4,-1,-11.552929656180169,-5.636781313896754,0.0,1
834,1,4,-1,-8.080207577999778,-3.9653973521021704,0.0,1
835,2,4,-1,-6.581934492675313,-9.376697616681689,0.0,1
836,3,4,-1,-6.402396965233459,-7.79090732202979,0.0,1
837,4,4,-1,-5.630667078966026,-7.2607365368805565,0.0,1
838,5,4,-1,-8.190191780683215,-8.453664530477734,0.0,1
839,6,4,-1,-7.790585993533501,-7.537689179978342,0.0,1
840,0,4,-1,-8.687388314519536,-5.6933016097541165,0.0,1
841,1,4,-1,-8.016110090925482,-5.135788366946854,0.0,1
842,2,4,-1,-7.927934113033959,-8.413432241277,0.0,1
843,3,4,-1,-5.636781313896754,-8.522584751913863,0.0,1
844,4,4,-1,-3.9653973521021704,-6.1109528548882395,0.0,1
845,5,4,-1,-9.376697616681689,-8.156926379404057,0.0,1
846,6,4,-1,-7.79090732202979,-5.18695229814276,0.0,1
847,0,4,-1,-7.2607365368805565,-5.573737135881851,0.0,1
848,1,4,-1,-8.453664530477734,-3.2132863133462566,0.0,1
849,2,4,-1,-7.537689179978342,-10.857043693013912,0.0,1
850,3,4,-1,-5.6933016097541165,-8.893312139721049,0.0,1
851,4,4,-1,-5.135788366946854,-7.392092899665932,0.0,1
852,5,4,-1,-8.413432241277,-6.980629596621857,0.0,1
853,6,4,-1,-8.522584751913863,-7.263230485678404,0.0,1
854,0,0,-1,-6.1109528548882395,-5.255621831748633,0.0,1
855,1,0,-1,-8.156926379404057,-5.11875571636875,0.0,1
856,2,0,-1,-5.18695229814276,-11.75257498806938,0.0,1
857,3,0,-1,-5.573737135881851,-10.435642815852368,0.0,1
858,4,0,-1,-3.2132863133462566,-8.87525340152746,0.0,1
859,5,0,-1,-10.857043693013912,-6.875541788562964,0.0,1
860,6,0,-1,-8.893312139721049,-6.151811048339603,0.0,1
861,0,0,-1,-7.392092899665932,-3.7768035136262217,0.0,1
862,1,0,-1,-6.980629596621857,-4.359850113491815,0.0,1
863,2,0,-1,-7.263230485678404,-11.23004775518016,0.0,1
864,3,0,-1,-5.255621831748633,-9.805007147869642,0.0,1
865,4,0,-1,-5.11875571636875,-7.561782359789168,0.0,1
866,5,0,-1,-11.75257498806938,-9.566032579003195,0.0,1
867,6,0,-1,-10.435642815852368,-4.930767607530228,0.0,1
868,0,0,-1,-8.87525340152746,-4.0392115532947654,0.0,1
869,1,0,-1,-6.875541788562964,-4.815734003535012,0.0,1
870,2,0,-1,-6.151811048339603,-10.519983442748224,0.0,1
871,3,0,-1,-3.7768035136262217,-8.487155470722096,0.0,1
872,4,0,-1,-4.359850113491815,-9.018598922389813,0.0,1
873,5,0,-1,-11.23004775518016,-7.957633438807268,0.0,1
874,6,0,-1,-9.805007147869642,-7.689720266438945,0.0,1
875,0,0,-1,-7.561782359789168,-7.235736759709828,0.0,1
876,1,0,-1,-9.566032579003195,-5.112052404007727,0.0,1
877,2,0,-1,-4.930767607530228,-8.383541923789757,0.0,1
878,3,0,-1,-4.0392115532947654,-9.129634487914258,0.0,1
879,4,0,-1,-4.815734003535012,-6.980900485925116,0.0,1
880,5,0,-1,-10.519983442748224,-7.705509856478089,0.0,1
881,6,0,-1,-8.487155470722096,-6.011824790232648,0.0,1
882,0,0,-1,-9.018598922389813,-5.931747356454778,0.0,1
883,1,0,-1,-7.957633438807268,-4.381601286022646,0.0,1
884,2,0,-1,-7.689720266438945,-9.265721393125675,0.0,1
885,3,1,-1,-7.235736759709828,-9.002208252702587,0.0,1
886,4,1,-1,-5.112052404007727,-7.534273166120977,0.0,1
887,5,1,-1,-8.383541923789757,-5.760776563540285,0.0,1
888,6,1,-1,-9.129634487914258,-7.2731750073538715,0.0,1
889,0,1,-1,-6.980900485925116,-4.462152644485147,0.0,1
890,1,1,-1,-7.705509856478089,6.29942582962955,0.0,1
891,2,1,-1,-6.011824790232648,1.734017477939185,0.0,1
892,3,1,-1,-5.931747356454778,-0.6617566513482824,0.0,1
893,4,1,-1,-4.381601286022646,-0.10250770960496203,0.0,1
894,5,1,-1,-9.265721393125675,3.540207027367699,0.0,1
895,6,1,-1,-9.002208252702587,3.886213538371588,0.0,1
896,0,1,-1,-7.534273166120977,4.209764468839214,0.0,1
897,1,1,-1,-5.760776563540285,-3.825412150863891,0.0,1
898,2,1,-1,-7.2731750073538715,-8.581651637020157,0.0,1
899,3,1,-1,-4.462152644485147,-10.917346624885017,0.0,1
900,4,1,0,6.29942582962955,-6.917581044078848,0.0,1
901,5,1,0,1.734017477939185,-7.751567704366704,0.0,1
902,6,1,0,-0.6617566513482824,-7.699902740571007,0.0,1
903,0,1,0,-0.10250770960496203,-5.592582676326805,0.0,1
904,1,1,0,3.540207027367699,-3.261746533384102,0.0,1
905,2,1,0,3.886213538371588,-9.432874028732687,0.0,1
906,3,1,0,4.209764468839214,-9.69459959066985,0.0,1
907,4,1,-1,-3.825412150863891,-8.748727575222192,0.0,1
908,5,1,-1,-8.581651637020157,-10.04491890785847,0.0,1
909,6,1,-1,-10.917346624885017,-7.1775331919191485,0.0,1
910,0,1,-1,-6.917581044078848,-6.825718600581941,0.0,1
911,1,1,-1,-7.751567704366704,-4.074664471253381,0.0,1
912,2,1,-1,-7.699902740571007,-10.232006094334153,0.0,1
913,3,2,-1,-5.592582676326805,-7.040150351988335,0.0,1
914,4,2,-1,-3.261746533384102,-8.99274913147581,0.0,1
915,5,2,-1,-9.432874028732687,-8.30896932830037,0.0,1
916,6,2,-1,-9.69459959066985,-6.7777205342349,0.0,1
917,0,2,-1,-8.748727575222192,-3.7995014827683184,0.0,1
918,1,2,-1,-10.04491890785847,-4.573880124381948,0.0,1
919,2,2,-1,-7.1775331919191485,-11.863632758462199,0.0,1
920,3,2,-1,-6.825718600581941,-9.795565241721787,0.0,1
921,4,2,-1,-4.074664471253381,-10.994712719238006,0.0,1
922,5,2,-1,-10.232006094334153,-6.125060468355691,0.0,1
923,6,2,-1,-7.040150351988335,-6.510173065174107,0.0,1
924,0,2,-1,-8.99274913147581,-5.716753117058025,0.0,1
925,1,2,-1,-8.30896932830037,-6.792787147593306,0.0,1
926,2,2,-1,-6.7777205342349,-10.01001172333687,0.0,1
927,3,2,-1,-3.7995014827683184,-11.63394942404258,0.0,1
928,4,2,-1,-4.573880124381948,-7.423489282480031,0.0,1
929,5,2,-1,-11.863632758462199,-8.065832070362195,0.0,1
930,6,2,-1,-9.795565241721787,-7.598181128690255,0.0,1
931,0,2,-1,-10.994712719238006,-6.9893009656715686,0.0,1
932,1,2,-1,-6.125060468355691,-5.3769999291697905,0.0,1
933,2,3,-1,-6.510173065174107,-10.761452186038577,0.0,1
934,3,3,-1,-5.716753117058025,-10.138106271439325,0.0,1
935,4,3,-1,-6.792787147593306,-8.430863915542647,0.0,1
936,5,3,-1,-10.01001172333687,-8.240352806305776,0.0,1
937,6,3,-1,-11.63394942404258,-6.175388865978377,0.0,1
938,0,3,-1,-7.423489282480031,-4.914558913262106,0.0,1
939,1,3,-1,-8.065832070362195,-5.109440665165971,0.0,1
940,2,3,-1,-7.598181128690255,-10.614344672675692,0.0,1
941,3,3,-1,-6.9893009656715686,-9.284483135387092,0.0,1
942,4,3,-1,-5.3769999291697905,-8.775713337884431,0.0,1
943,5,4,-1,-10.761452186038577,-6.727813674651408,0.0,1
944,6,4,-1,-10.138106271439325,-7.316088582944811,0.0,1
945,0,4,-1,-8.430863915542647,-5.609300778640778,0.0,1
946,1,4,-1,-8.240352806305776,-4.3865279436257945,0.0,1
947,2,4,-1,-6.175388865978377,-10.11749693352141,0.0,1
948,3,4,-1,-4.914558913262106,-10.93269079260455,0.0,1
949,4,4,-1,-5.109440665165971,-9.443934911079618,0.0,1
950,5,4,-1,-10.614344672675692,-6.3664062446355665,0.0,1
951,6,4,-1,-9.284483135387092,-8.330180807740106,0.0,1
952,0,4,-1,-8.775713337884431,-5.7952938067371065,0.0,1
953,1,4,-1,-6.727813674651408,-4.604183576613827,0.0,1
954,2,4,-1,-7.316088582944811,-8.327428600597516,0.0,1
955,3,4,-1,-5.609300778640778,-10.62069878344862,0.0,1
956,4,4,-1,-4.3865279436257945,-7.377528469408255,0.0,1
957,5,4,-1,-10.11749693352141,-9.392854484346532,0.0,1
958,6,4,-1,-10.93269079260455,-5.002041479017391,0.0,1
959,0,4,-1,-9.443934911079618,-7.317420811585282,0.0,1
960,1,4,-1,-6.3664062446355665,-5.063137549763285,0.0,1
961,2,4,-1,-8.330180807740106,-9.975057474028471,0.0,1
962,3,4,-1,-5.7952938067371065,-9.998167059244176,0.0,1
963,4,4,-1,-4.604183576613827,-7.1775469215652805,0.0,1
964,5,4,-1,-8.327428600597516,-9.426712464677157,0.0,1
965,6,4,-1,-10.62069878344862,-7.095300741109419,0.0,1
966,0,4,-1,-7.377528469408255,-5.981759850174989,0.0,1
967,1,4,-1,-9.392854484346532,-4.39895649349459,0.0,1
968,2,4,-1,-5.002041479017391,-8.065436349751137,0.0,1
969,3,4,-1,-7.317420811585282,-11.050626785148681,0.0,1
970,4,4,-1,-5.063137549763285,-7.56278452861772,0.0,1
971,5,4,-1,-9.975057474028471,-9.406302235418703,0.0,1
972,6,4,-1,-9.998167059244176,-6.9304467868671,0.0,1
973,0,4,-1,-7.1775469215652805,-6.379411386186525,0.0,1
974,1,4,-1,-9.426712464677157,-4.776194239372703,0.0,1
975,2,4,-1,-7.095300741109419,-10.405732735433268,0.0,1
976,3,0,-1,-5.981759850174989,-7.966482213359779,0.0,1
977,4,0,-1,-4.39895649349459,-8.643929642889878,0.0,1
978,5,0,-1,-8.065436349751137,-8.988555720878864,0.0,1
979,6,0,-1,-11.050626785148681,-6.284665026309582,0.0,1
980,0,0,-1,-7.56278452861772,-6.437496025974894,0.0,1
981,1,0,-1,-9.406302235418703,-5.168904387050448,0.0,1
982,2,0,-1,-6.9304467868671,-11.212565138961478,0.0,1
983,3,0,-1,-6.379411386186525,-9.882576671567024,0.0,1
984,4,0,-1,-4.776194239372703,-8.838488545738882,0.0,1
985,5,0,-1,-10.405732735433268,-7.372428515948943,0.0,1
986,6,0,-1,-7.966482213359779,-4.612926920269663,0.0,1
987,0,0,-1,-8.643929642889878,-7.521400509177591,0.0,1
988,1,0,-1,-8.988555720878864,-3.9587364669417173,0.0,1
989,2,0,-1,-6.284665026309582,-10.254151966576812,0.0,1
990,3,0,-1,-6.437496025974894,0.4774208794284279,0.0,1
991,4,0,-1,-5.168904387050448,-0.1845665344728371,0.0,1
992,5,0,-1,-11.212565138961478,1.7301358855969462,0.0,1
993,6,0,-1,-9.882576671567024,1.918068746771668,0.0,1
994,0,0,-1,-8.838488545738882,4.829185183478853,0.0,1
995,1,0,-1,-7.372428515948943,6.610873365171528,0.0,1
996,2,0,-1,-4.612926920269663,0.8913286651299117,0.0,1
997,3,0,-1,-7.521400509177591,-9.858129519100244,0.0,1
998,4,0,-1,-3.9587364669417173,-8.111313515785158,0.0,1
999,5,0,-1,-10.254151966576812,-7.72760405345248,0.0,1
1000,6,0,0,0.4774208794284279,-6.586641560373674,0.0,1
1001,0,0,0,-0.1845665344728371,-5.442889256057581,0.0,1
1002,1,0,0,1.7301358855969462,-3.964509457298492,0.0,1
1003,2,0,0,1.918068746771668,-9.699109859064409,0.0,1
1004,3,0,0,4.829185183478853,-10.739158223461354,0.0,1
1005,4,0,0,6.610873365171528,-8.765690572170286,0.0,1
1006,5,0,0,0.8913286651299117,-6.7142133422627195,0.0,1
1007,6,1,-1,-9.858129519100244,-7.273519035405898,0.0,1
1008,0,1,-1,-8.111313515785158,-6.413621441037284,0.0,1
1009,1,1,-1,-7.72760405345248,-3.0315804239661546,0.0,1
1010,2,1,-1,-6.586641560373674,-10.317725429031748,0.0,1
1011,3,1,-1,-5.442889256057581,-11.656734326347772,0.0,1
1012,4,1,-1,-3.964509457298492,-9.520971545462546,0.0,1
1013,5,1,-1,-9.699109859064409,-8.899826472028993,0.0,1
1014,6,1,-1,-10.739158223461354,-6.716660237508558,0.0,1
1015,0,1,-1,-8.765690572170286,-5.409335888561957,0.0,1
1016,1,1,-1,-6.7142133422627195,-3.778317156812288,0.0,1
1017,2,1,-1,-7.273519035405898,-11.030845113032228,0.0,1
1018,3,1,-1,-6.413621441037284,-10.884666780636032,0.0,1
1019,4,1,-1,-3.0315804239661546,-9.703520448754519,0.0,1
1020,5,1,-1,-10.317725429031748,-8.107282896033219,0.0,1
1021,6,1,-1,-11.656734326347772,-7.11650854591161,0.0,1
1022,0,1,-1,-9.520971545462546,-5.474578957465327,0.0,1
1023,1,1,-1,-8.899826472028993,-6.138457261298331,0.0,1
1024,2,1,-1,-6.716660237508558,-10.905584633626754,0.0,1
1025,3,1,-1,-5.409335888561957,-8.680663588326688,0.0,1
1026,4,1,-1,-3.778317156812288,-8.225811519820711,0.0,1
1027,5,1,-1,-11.030845113032228,-7.747828266531551,0.0,1
1028,6,1,-1,-10.884666780636032,-5.80557121085264,0.0,1
1029,0,1,-1,-9.703520448754519,-4.228665561024526,0.0,1
1030,1,1,-1,-8.107282896033219,-4.347509292716788,0.0,1
1031,2,1,-1,-7.11650854591161,-10.690089646542203,0.0,1
1032,3,1,-1,-5.474578957465327,-9.019833128055472,0.0,1
1033,4,1,-1,-6.138457261298331,-11.147090094106645,0.0,1
1034,5,1,-1,-10.905584633626754,-7.496296829174435,0.0,1
1035,6,2,-1,-8.680663588326688,-8.076562574762956,0.0,1
1036,0,2,-1,-8.225811519820711,-5.409647083381691,0.0,1
1037,1,2,-1,-7.747828266531551,-4.194052202972306,0.0,1
1038,2,2,-1,-5.80557121085264,-8.344508104740878,0.0,1
1039,3,2,-1,-4.228665561024526,-11.348026675085933,0.0,1
1040,4,2,-1,-4.347509292716788,-9.24796510562644,0.0,1
1041,5,2,-1,-10.690089646542203,-6.702928891775124,0.0,1
1042,6,2,-1,-9.019833128055472,-7.234025291758855,0.0,1
1043,0,2,-1,-11.147090094106645,-5.001583314456714,0.0,1
1044,1,2,-1,-7.496296829174435,-4.943758485181635,0.0,1
1045,2,2,-1,-8.076562574762956,-10.396016710400387,0.0,1
1046,3,2,-1,-5.409647083381691,-9.812028291250524,0.0,1
1047,4,2,-1,-4.194052202972306,-8.383622519534542,0.0,1
1048,5,2,-1,-8.344508104740878,-8.689435181060242,0.0,1
1049,6,2,-1,-11.348026675085933,-4.849333855837891,0.0,1
1050,0,2,-1,-9.24796510562644,-5.806823702400971,0.0,1
1051,1,2,-1,-6.702928891775124,-4.308325288308908,0.0,1
1052,2,2,-1,-7.234025291758855,-9.408664940852352,0.0,1
1053,3,2,-1,-5.001583314456714,-10.30131872341879,0.0,1
1054,4,2,-1,-4.943758485181635,-9.517637574603086,0.0,1
1055,5,3,-1,-10.396016710400387,-8.546271808631962,0.0,1
1056,6,3,-1,-9.812028291250524,-7.1907231127480395,0.0,1
1057,0,3,-1,-8.383622519534542,-7.370487007058527,0.0,1
1058,1,3,-1,-8.689435181060242,-7.06470381316826,0.0,1
1059,2,3,-1,-4.849333855837891,-7.696938967104323,0.0,1
1060,3,3,-1,-5.806823702400971,-9.014353064207366,0.0,1
1061,4,3,-1,-4.308325288308908,-9.088309520481737,0.0,1
1062,5,3,-1,-9.408664940852352,-8.799533650649476,0.0,1
1063,6,3,-1,-10.30131872341879,-6.253880734145969,0.0,1
1064,0,3,-1,-9.517637574603086,-4.870469067976461,0.0,1
1065,1,4,-1,-8.546271808631962,-5.388506999506855,0.0,1
1066,2,4,-1,-7.1907231127480395,-9.148158494603885,0.0,1
1067,3,4,-1,-7.370487007058527,-11.233419602209649,0.0,1
1068,4,4,-1,-7.06470381316826,-11.895797262866672,0.0,1
1069,5,4,-1,-7.696938967104323,-6.240758435869922,0.0,1
1070,6,4,-1,-9.014353064207366,-7.885130593157147,0.0,1
1071,0,4,-1,-9.088309520481737,-5.769376867133519,0.0,1
1072,1,4,-1,-8.799533650649476,-6.42932085575181,0.0,1
1073,2,4,-1,-6.253880734145969,-9.508834718289819,0.0,1
1074,3,4,-1,-4.870469067976461,-10.079663711105635,0.0,1
1075,4,4,-1,-5.388506999506855,-8.469331799644168,0.0,1
1076,5,4,-1,-9.148158494603885,-6.986151836194048,0.0,1
1077,6,4,-1,-11.233419602209649,-6.42421293763822,0.0,1
1078,0,4,-1,-11.895797262866672,-6.417727603324842,0.0,1
1079,1,4,-1,-6.240758435869922,-4.786649569948805,0.0,1
1080,2,4,-1,-7.885130593157147,-8.723862878529165,0.0,1
1081,3,4,-1,-5.769376867133519,-9.40738290303621,0.0,1
1082,4,4,-1,-6.42932085575181,-7.415119264770847,0.0,1
1083,5,4,-1,-9.508834718289819,-7.765901459153991,0.0,1
1084,6,4,-1,-10.079663711105635,-5.723486075784951,0.0,1
1085,0,4,-1,-8.469331799644168,-4.661788993136406,0.0,1
1086,1,4,-1,-6.986151836194048,-5.216473953262183,0.0,1
1087,2,4,-1,-6.42421293763822,-8.887092663919608,0.0,1
1088,3,4,-1,-6.417727603324842,-9.18640389978869,0.0,1
1089,4,4,-1,-4.786649569948805,-7.386478392406506,0.0,1
1090,5,4,-1,-8.723862878529165,3.137165922911053,0.0,1
1091,6,4,-1,-9.40738290303621,4.911083159955749,0.0,1
1092,0,4,-1,-7.415119264770847,3.907113238904684,0.0,1
1093,1,4,-1,-7.765901459153991,6.680000285067228,0.0,1
1094,2,4,-1,-5.723486075784951,-0.24427216365876991,0.0,1
1095,3,4,-1,-4.661788993136406,1.2855207930726995,0.0,1
1096,4,4,-1,-5.216473953262183,1.0946093408749218,0.0,1
1097,5,4,-1,-8.887092663919608,-6.758195260570024,0.0,1
1098,6,0,-1,-9.18640389978869,-7.113255820988729,0.0,1
1099,0,0,-1,-7.386478392406506,-5.310407243868719,0.0,1
1100,1,0,0,3.137165922911053,-4.540755415843981,0.0,1
1101,2,0,0,4.911083159955749,-8.996201395450445,0.0,1
1102,3,0,0,3.907113238904684,-10.733404344843727,0.0,1
1103,4,0,0,6.680000285067228,-8.795691875821719,0.0,1
1104,5,0,0,-0.24427216365876991,-6.695755085864151,0.0,1
1105,6,0,0,1.2855207930726995,-7.659378104532637,0.0,1
1106,0,0,0,1.0946093408749218,-6.55285188672494,0.0,1
1107,1,0,-1,-6.758195260570024,-3.991024861561386,0.0,1
1108,2,0,-1,-7.113255820988729,-8.839752194008303,0.0,1
1109,3,0,-1,-5.310407243868719,-8.864771513409694,0.0,1
1110,4,0,-1,-4.540755415843981,-8.577491495762178,0.0,1
1111,5,0,-1,-8.996201395450445,-6.435404921995435,0.0,1
1112,6,0,-1,-10.733404344843727,-6.775879947993021,0.0,1
1113,0,0,-1,-8.795691875821719,-4.9594144053019935,0.0,1
1114,1,0,-1,-6.695755085864151,-5.088387763021279,0.0,1
1115,2,0,-1,-7.659378104532637,-9.599098821573758,0.0,1
1116,3,0,-1,-6.55285188672494,-8.684129375338372,0.0,1
1117,4,0,-1,-3.991024861561386,-9.884693455788057,0.0,1
1118,5,0,-1,-8.839752194008303,-7.25158210210747,0.0,1
1119,6,0,-1,-8.864771513409694,-5.151209633303013,0.0,1
1120,0,0,-1,-8.577491495762178,-5.620693716996705,0.0,1
1121,1,0,-1,-6.435404921995435,-5.451098004052199,0.0,1
1122,2,0,-1,-6.775879947993021,-6.949755784919165,0.0,1
1123,3,0,-1,-4.9594144053019935,-10.270146099711596,0.0,1
1124,4,0,-1,-5.088387763021279,-6.391537574720392,0.0,1
1125,5,0,-1,-9.599098821573758,-7.386720352176975,0.0,1
1126,6,0,-1,-8.684129375338372,-5.736477514615084,0.0,1
1127,0,0,-1,-9.884693455788057,-4.7068685014267535,0.0,1
1128,1,0,-1,-7.25158210210747,-5.566074759617206,0.0,1
1129,2,1,-1,-5.151209633303013,-7.835290337314698,0.0,1
1130,3,1,-1,-5.620693716996705,-9.61271644706456,0.0,1
1131,4,1,-1,-5.451098004052199,-6.300278480841976,0.0,1
1132,5,1,-1,-6.949755784919165,-4.441263801031388,0.0,1
1133,6,1,-1,-10.270146099711596,-6.6271436004672495,0.0,1
1134,0,1,-1,-6.391537574720392,-4.355662404984394,0.0,1
1135,1,1,-1,-7.386720352176975,-4.347788860867437,0.0,1
1136,2,1,-1,-5.736477514615084,-7.842133401730922,0.0,1
1137,3,1,-1,-4.7068685014267535,-10.246047291038277,0.0,1
1138,4,1,-1,-5.566074759617206,-8.348044841800863,0.0,1
1139,5,1,-1,-7.835290337314698,-7.002005448498649,0.0,1
1140,6,1,-1,-9.61271644706456,-6.173852399454418,0.0,1
1141,0,1,-1,-6.300278480841976,-6.3029400022929725,0.0,1
1142,1,1,-1,-4.441263801031388,-3.0301756209727513,0.0,1
1143,2,1,-1,-6.6271436004672495,-8.024916572791218,0.0,1
1144,3,1,-1,-4.355662404984394,-6.062910796542346,0.0,1
1145,4,1,-1,-4.347788860867437,-6.957745719567196,0.0,1
1146,5,1,-1,-7.842133401730922,-7.114538790875868,0.0,1
1147,6,1,-1,-10.246047291038277,-7.2595361674715715,0.0,1
1148,0,1,-1,-8.348044841800863,-5.744782398017177,0.0,1
1149,1,1,-1,-7.002005448498649,-5.087828180776154,0.0,1
1150,2,1,-1,-6.173852399454418,-8.018508780626703,0.0,1
1151,3,1,-1,-6.3029400022929725,-7.954413203145642,0.0,1
1152,4,1,-1,-3.0301756209727513,-6.871736709249214,0.0,1
1153,5,1,-1,-8.024916572791218,-6.1487789259142565,0.0,1
1154,6,1,-1,-6.062910796542346,-7.182754395600739,0.0,1
1155,0,1,-1,-6.957745719567196,-5.58033063906542,0.0,1
1156,1,1,-1,-7.114538790875868,-5.385286903160281,0.0,1
1157,2,2,-1,-7.2595361674715715,-8.209064864342999,0.0,1
1158,3,2,-1,-5.744782398017177,-8.770317841366733,0.0,1
1159,4,2,-1,-5.087828180776154,-7.713771254880129,0.0,1
1160,5,2,-1,-8.018508780626703,-5.8717257875879465,0.0,1
1161,6,2,-1,-7.954413203145642,-5.878117147414163,0.0,1
1162,0,2,-1,-6.871736709249214,-5.044837293656951,0.0,1
1163,1,2,-1,-6.1487789259142565,-2.992405605917897,0.0,1
1164,2,2,-1,-7.182754395600739,-7.563834689423852,0.0,1
1165,3,2,-1,-5.58033063906542,-8.44088642594183,0.0,1
1166,4,2,-1,-5.385286903160281,-6.936198891070593,0.0,1
1167,5,2,-1,-8.209064864342999,-4.807283443084519,0.0,1
1168,6,2,-1,-8.770317841366733,-5.244412326907724,0.0,1
1169,0,2,-1,-7.713771254880129,-4.68475216688591,0.0,1
1170,1,2,-1,-5.8717257875879465,-5.454718200974399,0.0,1
1171,2,2,-1,-5.878117147414163,-8.121342581465415,0.0,1
1172,3,2,-1,-5.044837293656951,-8.81590129268287,0.0,1
1173,4,2,-1,-2.992405605917897,-5.789140709171686,0.0,1
1174,5,2,-1,-7.563834689423852,-5.707681065005452,0.0,1
1175,6,2,-1,-8.44088642594183,-5.17971476597174,0.0,1
1176,0,2,-1,-6.936198891070593,-4.240811891049449,0.0,1
1177,1,3,-1,-4.807283443084519,-6.033168150808347,0.0,1
1178,2,3,-1,-5.244412326907724,-8.304202345619746,0.0,1
1179,3,3,-1,-4.68475216688591,-6.865079426660259,0.0,1
1180,4,3,-1,-5.454718200974399,-9.222900919168474,0.0,1
1181,5,3,-1,-8.121342581465415,-6.671345696591822,0.0,1
1182,6,3,-1,-8.81590129268287,-5.632087964434373,0.0,1
1183,0,3,-1,-5.789140709171686,-3.960502548206365,0.0,1
1184,1,3,-1,-5.707681065005452,-3.6119828763639514,0.0,1
1185,2,3,-1,-5.17971476597174,-9.163354364954472,0.0,1
1186,3,3,-1,-4.240811891049449,-9.701770043962794,0.0,1
1187,4,4,-1,-6.033168150808347,-6.953682294460581,0.0,1
1188,5,4,-1,-8.304202345619746,-5.429711401854232,0.0,1
1189,6,4,-1,-6.865079426660259,-5.576471683496061,0.0,1
1190,0,4,-1,-9.222900919168474,5.912443765468636,0.0,1
1191,1,4,-1,-6.671345696591822,5.927948814749723,0.0,1
1192,2,4,-1,-5.632087964434373,2.596135701878442,0.0,1
1193,3,4,-1,-3.960502548206365,2.407315674496465,0.0,1
1194,4,4,-1,-3.6119828763639514,3.326205841078076,0.0,1
1195,5,4,-1,-9.163354364954472,4.289128401640751,0.0,1
1196,6,4,-1,-9.701770043962794,5.422477483694601,0.0,1
1197,0,4,-1,-6.953682294460581,-4.303205923064178,0.0,1
1198,1,4,-1,-5.429711401854232,-4.169619502834182,0.0,1
1199,2,4,-1,-5.576471683496061,-6.757430852975245,0.0,1
1200,3,4,0,5.912443765468636,-8.151638466079728,0.0,1
1201,4,4,0,5.927948814749723,-7.003438557229259,0.0,1
1202,5,4,0,2.596135701878442,-5.288831065569321,0.0,1
1203,6,4,0,2.407315674496465,-5.929547443870305,0.0,1
1204,0,4,0,3.326205841078076,-3.6046811897469357,0.0,1
1205,1,4,0,4.289128401640751,-5.9391768519223564,0.0,1
1206,2,4,0,5.422477483694601,-8.856597399609944,0.0,1
1207,3,4,-1,-4.303205923064178,-8.059741569389507,0.0,1
1208,4,4,-1,-4.169619502834182,-6.152351286783693,0.0,1
1209,5,4,-1,-6.757430852975245,-5.993076679474709,0.0,1
1210,6,4,-1,-8.151638466079728,-4.0300448049625235,0.0,1
1211,0,4,-1,-7.003438557229259,-3.6607200328447598,0.0,1
1212,1,4,-1,-5.288831065569321,-3.2410182202936393,0.0,1
1213,2,4,-1,-5.929547443870305,-7.825834199895987,0.0,1
1214,3,4,-1,-3.6046811897469357,-7.724246741302601,0.0,1
1215,4,4,-1,-5.9391768519223564,-7.904637218488855,0.0,1
1216,5,4,-1,-8.856597399609944,-4.297183864190494,0.0,1
1217,6,4,-1,-8.059741569389507,-5.615916409166937,0.0,1
1218,0,4,-1,-6.152351286783693,-4.732298329704697,0.0,1
1219,1,4,-1,-5.993076679474709,-3.447268816071336,0.0,1
1220,2,0,-1,-4.0300448049625235,-7.8503780464003325,0.0,1
1221,3,0,-1,-3.6607200328447598,-9.45290059678926,0.0,1
1222,4,0,-1,-3.2410182202936393,-5.560885151184098,0.0,1
1223,5,0,-1,-7.825834199895987,-3.906638296728942,0.0,1
1224,6,0,-1,-7.724246741302601,-4.902562597938395,0.0,1
1225,0,0,-1,-7.904637218488855,-4.723068138567457,0.0,1
1226,1,0,-1,-4.297183864190494,-3.4873697841801,0.0,1
1227,2,0,-1,-5.615916409166937,-6.39652022298991,0.0,1
1228,3,0,-1,-4.732298329704697,-7.368129306476984,0.0,1
1229,4,0,-1,-3.447268816071336,-5.7751770552319455,0.0,1
1230,5,0,-1,-7.8503780464003325,-7.66931257779191,0.0,1
1231,6,0,-1,-9.45290059678926,-4.913499359900116,0.0,1
1232,0,0,-1,-5.560885151184098,-5.264695108981413,0.0,1
1233,1,0,-1,-3.906638296728942,-2.474544941486348,0.0,1
1234,2,0,-1,-4.902562597938395,-7.34297375259903,0.0,1
1235,3,0,-1,-4.723068138567457,-7.324163891929449,0.0,1
1236,4,0,-1,-3.4873697841801,-7.435694579114102,0.0,1
1237,5,0,-1,-6.39652022298991,-4.8436370525928,0.0,1
1238,6,0,-1,-7.368129306476984,-5.808534603866072,0.0,1
1239,0,0,-1,-5.7751770552319455,-3.5146469135714375,0.0,1
1240,1,0,-1,-7.66931257779191,-3.1492607863938336,0.0,1
1241,2,0,-1,-4.913499359900116,-6.441039053828795,0.0,1
1242,3,0,-1,-5.264695108981413,-7.6908435242542135,0.0,1
1243,4,0,-1,-2.474544941486348,-5.203234472258605,0.0,1
1244,5,0,-1,-7.34297375259903,-5.905085888905917,0.0,1
1245,6,0,-1,-7.324163891929449,-3.4759161785343573,0.0,1
1246,0,0,-1,-7.435694579114102,-3.8607974224293042,0.0,1
1247,1,0,-1,-4.8436370525928,-2.8330952037638797,0.0,1
1248,2,0,-1,-5.808534603866072,-5.693575397797193,0.0,1
1249,3,0,-1,-3.5146469135714375,-7.745172642807324,0.0,1
1250,4,0,-1,-3.1492607863938336,-6.263287539745884,0.0,1
1251,5,1,-1,-6.441039053828795,-3.9464695387216273,0.0,1
1252,6,1,-1,-7.6908435242542135,-5.632301662911833,0.0,1
1253,0,1,-1,-5.203234472258605,-3.017769703805547,0.0,1
1254,1,1,-1,-5.905085888905917,-1.3099134971549011,0.0,1
1255,2,1,-1,-3.4759161785343573,-5.031009576892814,0.0,1
1256,3,1,-1,-3.8607974224293042,-6.168230030245882,0.0,1
1257,4,1,-1,-2.8330952037638797,-6.753739581687225,0.0,1
1258,5,1,-1,-5.693575397797193,-6.151049036914892,0.0,1
1259,6,1,-1,-7.745172642807324,-4.8200358902685405,0.0,1
1260,0,1,-1,-6.263287539745884,-2.1409399778155676,0.0,1
1261,1,1,-1,-3.9464695387216273,-2.2564416287173255,0.0,1
1262,2,1,-1,-5.632301662911833,-5.519300060824443,0.0,1
1263,3,1,-1,-3.017769703805547,-6.629606904335708,0.0,1
1264,4,1,-1,-1.3099134971549011,-5.939792534007916,0.0,1
1265,5,1,-1,-5.031009576892814,-5.169483377095787,0.0,1
1266,6,1,-1,-6.168230030245882,-3.0740198945889117,0.0,1
1267,0,1,-1,-6.753739581687225,-3.554702109576054,0.0,1
1268,1,1,-1,-6.151049036914892,-2.567124807780463,0.0,1
1269,2,1,-1,-4.8200358902685405,-6.4601737880730825,0.0,1
1270,3,1,-1,-2.1409399778155676,-3.488912211048329,0.0,1
1271,4,1,-1,-2.2564416287173255,-5.269183439797131,0.0,1
1272,5,1,-1,-5.519300060824443,-5.06656399172162,0.0,1
1273,6,1,-1,-6.629606904335708,-4.643745605396519,0.0,1
1274,0,1,-1,-5.939792534007916,-5.190737202970496,0.0,1
1275,1,1,-1,-5.169483377095787,-3.770731367490677,0.0,1
1276,2,1,-1,-3.0740198945889117,-4.238390592191692,0.0,1
1277,3,1,-1,-3.554702109576054,-7.799852108225654,0.0,1
1278,4,1,-1,-2.567124807780463,-5.3793398822276135,0.0,1
1279,5,2,-1,-6.4601737880730825,-6.001223588604444,0.0,1
1280,6,2,-1,-3.488912211048329,-5.274819521077323,0.0,1
1281,0,2,-1,-5.269183439797131,-1.8239776415330191,0.0,1
1282,1,2,-1,-5.06656399172162,-1.863512216601253,0.0,1
1283,2,2,-1,-4.643745605396519,-5.434466367462357,0.0,1
1284,3,2,-1,-5.190737202970496,-6.165158353888425,0.0,1
1285,4,2,-1,-3.770731367490677,-3.9593241269017154,0.0,1
1286,5,2,-1,-4.238390592191692,-5.341801436563001,0.0,1
1287,6,2,-1,-7.799852108225654,-2.6763633329647307,0.0,1
1288,0,2,-1,-5.3793398822276135,-3.643986559110647,0.0,1
1289,1,2,-1,-6.001223588604444,-3.344044946764863,0.0,1
1290,2,2,-1,-5.274819521077323,7.439324030951767,0.0,1
1291,3,2,-1,-1.8239776415330191,5.05039689176861,0.0,1
1292,4,2,-1,-1.863512216601253,4.22023698509733,0.0,1
1293,5,2,-1,-5.434466367462357,5.039698375542397,0.0,1
1294,6,2,-1,-6.165158353888425,5.674746926938656,0.0,1
1295,0,2,-1,-3.9593241269017154,6.233420313475623,0.0,1
1296,1,2,-1,-5.341801436563001,8.425598907379923,0.0,1
1297,2,2,-1,-2.6763633329647307,-5.4832874987956615,0.0,1
1298,3,2,-1,-3.643986559110647,-3.470235650204579,0.0,1
1299,4,3,-1,-3.344044946764863,-4.6359316610698755,0.0,1
1300,5,3,0,7.439324030951767,-5.352074355601323,0.0,1
1301,6,3,0,5.05039689176861,-3.467695537315369,0.0,1
1302,0,3,0,4.22023698509733,-2.2129076361702036,0.0,1
1303,1,3,0,5.039698375542397,-2.6988190744192453,0.0,1
1304,2,3,0,5.674746926938656,-5.093146217485513,0.0,1
1305,3,3,0,6.233420313475623,-3.5068683707735278,0.0,1
1306,4,3,0,8.425598907379923,-5.665397828807983,0.0,1
1307,5,3,-1,-5.4832874987956615,-4.351146104043165,0.0,1
1308,6,3,-1,-3.470235650204579,-4.196683047694795,0.0,1
1309,0,4,-1,-4.6359316610698755,-3.9271492181349084,0.0,1
1310,1,4,-1,-5.352074355601323,-3.156462899586372,0.0,1
1311,2,4,-1,-3.467695537315369,-4.385386247096077,0.0,1
1312,3,4,-1,-2.2129076361702036,-4.695890657734249,0.0,1
1313,4,4,-1,-2.6988190744192453,-4.802145153337002,0.0,1
1314,5,4,-1,-5.093146217485513,-4.558022804466181,0.0,1
1315,6,4,-1,-3.5068683707735278,-5.12314088932273,0.0,1
1316,0,4,-1,-5.665397828807983,-2.0250409520415706,0.0,1
1317,1,4,-1,-4.351146104043165,-1.451308747350503,0.0,1
1318,2,4,-1,-4.196683047694795,-5.546746336254332,0.0,1
1319,3,4,-1,-3.9271492181349084,-4.363271820407374,0.0,1
1320,4,4,-1,-3.156462899586372,-4.271108529787747,0.0,1
1321,5,4,-1,-4.385386247096077,-4.675870029013271,0.0,1
1322,6,4,-1,-4.695890657734249,-2.952361431944574,0.0,1
1323,0,4,-1,-4.802145153337002,-3.4461747958290765,0.0,1
1324,1,4,-1,-4.558022804466181,-2.7399271304073265,0.0,1
1325,2,4,-1,-5.12314088932273,-3.455880762753105,0.0,1
1326,3,4,-1,-2.0250409520415706,-5.7731360726488985,0.0,1
1327,4,4,-1,-1.451308747350503,-2.6539773691382322,0.0,1
1328,5,4,-1,-5.546746336254332,-4.223200433580317,0.0,1
1329,6,4,-1,-4.363271820407374,-3.787292316667232,0.0,1
1330,0,4,-1,-4.271108529787747,-4.304512666667054,0.0,1
1331,1,4,-1,-4.675870029013271,-3.3121200150581496,0.0,1
1332,2,4,-1,-2.952361431944574,-5.582154201596818,0.0,1
1333,3,4,-1,-3.4461747958290765,-5.398397384792753,0.0,1
1334,4,4,-1,-2.7399271304073265,-3.659447119929216,0.0,1
1335,5,4,-1,-3.455880762753105,-3.2020085303717916,0.0,1
1336,6,4,-1,-5.7731360726488985,-4.774290531900043,0.0,1
1337,0,4,-1,-2.6539773691382322,-1.899382601783441,0.0,1
1338,1,4,-1,-4.223200433580317,-1.789638202317097,0.0,1
1339,2,4,-1,-3.787292316667232,-3.1015884602465142,0.0,1
1340,3,4,-1,-4.304512666667054,-2.0662492290700225,0.0,1
1341,4,4,-1,-3.3121200150581496,-3.5038607604134997,0.0,1
1342,5,0,-1,-5.582154201596818,-3.732194992811916,0.0,1
1343,6,0,-1,-5.398397384792753,-3.7115026345341784,0.0,1
1344,0,0,-1,-3.659447119929216,-1.8874791440656755,0.0,1
1345,1,0,-1,-3.2020085303717916,-3.6015128261625615,0.0,1
1346,2,0,-1,-4.774290531900043,-4.072742866222063,0.0,1
1347,3,0,-1,-1.899382601783441,-3.224705921627648,0.0,1
1348,4,0,-1,-1.789638202317097,-3.309836610167253,0.0,1
1349,5,0,-1,-3.1015884602465142,-3.2409664457851095,0.0,1
1350,6,0,-1,-2.0662492290700225,-0.780060313708173,0.0,1
1351,0,0,-1,-3.5038607604134997,-2.3086425921716196,0.0,1
1352,1,0,-1,-3.732194992811916,-2.5362174120306182,0.0,1
1353,2,0,-1,-3.7115026345341784,-2.329032724369628,0.0,1
1354,3,0,-1,-1.8874791440656755,-2.460469947470427,0.0,1
1355,4,0,-1,-3.6015128261625615,-5.517534157281405,0.0,1
1356,5,0,-1,-4.072742866222063,-4.232985383478503,0.0,1
1357,6,0,-1,-3.224705921627648,-3.271741588408515,0.0,1
1358,0,0,-1,-3.309836610167253,-2.4593507945690884,0.0,1
1359,1,0,-1,-3.2409664457851095,-1.4540200103535272,0.0,1
1360,2,0,-1,-0.780060313708173,-2.748818291279897,0.0,1
1361,3,0,-1,-2.3086425921716196,-3.1608096088311077,0.0,1
1362,4,0,-1,-2.5362174120306182,-3.1410188704884674,0.0,1
1363,5,0,-1,-2.329032724369628,-3.441333467918326,0.0,1
1364,6,0,-1,-2.460469947470427,-1.8389334106668462,0.0,1
1365,0,0,-1,-5.517534157281405,-3.217390721021663,0.0,1
1366,1,0,-1,-4.232985383478503,-3.18529417153366,0.0,1
1367,2,0,-1,-3.271741588408515,-4.172675077170327,0.0,1
1368,3,0,-1,-2.4593507945690884,-1.9392569363021164,0.0,1
1369,4,0,-1,-1.4540200103535272,-2.9134133020554356,0.0,1
1370,5,0,-1,-2.748818291279897,-2.4358734215014204,0.0,1
1371,6,0,-1,-3.1608096088311077,-2.1946339979740914,0.0,1
1372,0,0,-1,-3.1410188704884674,-3.550302044286447,0.0,1
1373,1,1,-1,-3.441333467918326,-1.9071716100637808,0.0,1
1374,2,1,-1,-1.8389334106668462,-2.1286910572249402,0.0,1
1375,3,1,-1,-3.217390721021663,-3.1877325335800686,0.0,1
1376,4,1,-1,-3.18529417153366,-4.4460363850875035,0.0,1
1377,5,1,-1,-4.172675077170327,-4.778936293879749,0.0,1
1378,6,1,-1,-1.9392569363021164,-1.5883736802492558,0.0,1
1379,0,1,-1,-2.9134133020554356,-2.325548679978713,0.0,1
1380,1,1,-1,-2.4358734215014204,-2.6757875956276753,0.0,1
1381,2,1,-1,-2.1946339979740914,-0.7453349990556792,0.0,1
1382,3,1,-1,-3.550302044286447,-2.1670511630010205,0.0,1
1383,4,1,-1,-1.9071716100637808,-3.0771691957600984,0.0,1
1384,5,1,-1,-2.1286910572249402,-2.6180573570432895,0.0,1
1385,6,1,-1,-3.1877325335800686,-3.2366793922702417,0.0,1
1386,0,1,-1,-4.4460363850875035,-0.7469544904228057,0.0,1
1387,1,1,-1,-4.778936293879749,-2.8280691537440723,0.0,1
1388,2,1,-1,-1.5883736802492558,-1.8816859117639555,0.0,1
1389,3,1,-1,-2.325548679978713,-3.1919906178851774,0.0,1
1390,4,1,-1,-2.6757875956276753,7.070308155924446,0.0,1
1391,5,1,-1,-0.7453349990556792,8.541624334278955,0.0,1
1392,6,1,-1,-2.1670511630010205,8.727743990639173,0.0,1
1393,0,1,-1,-3.0771691957600984,9.330317199453816,0.0,1
1394,1,1,-1,-2.6180573570432895,7.552587236938827,0.0,1
1395,2,1,-1,-3.2366793922702417,7.2571848953932285,0.0,1
1396,3,1,-1,-0.7469544904228057,9.078220245463607,0.0,1
1397,4,1,-1,-2.8280691537440723,-0.90282824167609,0.0,1
1398,5,1,-1,-1.8816859117639555,-3.776177537680595,0.0,1
1399,6,1,-1,-3.1919906178851774,-2.4934693362441473,0.0,1
1400,0,1,0,7.070308155924446,-1.8397193993937875,0.0,1
1401,1,2,0,8.541624334278955,-1.9796373357709838,0.0,1
1402,2,2,0,8.727743990639173,-0.5268521147370921,0.0,1
1403,3,2,0,9.330317199453816,-2.0108104240262206,0.0,1
1404,4,2,0,7.552587236938827,-2.8391957950925417,0.0,1
1405,5,2,0,7.2571848953932285,0.08161950691090536,0.0,1
1406,6,2,0,9.078220245463607,-0.1536251220751359,0.0,1
1407,0,2,-1,-0.90282824167609,-0.9758726950431698,0.0,1
1408,1,2,-1,-3.776177537680595,-0.1597280003721928,0.0,1
1409,2,2,-1,-2.4934693362441473,-1.6262793278674996,0.0,1
1410,3,2,-1,-1.8397193993937875,-3.047775484398366,0.0,1
1411,4,2,-1,-1.9796373357709838,-1.5988334506823678,0.0,1
1412,5,2,-1,-0.5268521147370921,-2.3191800067107793,0.0,1
1413,6,2,-1,-2.0108104240262206,-3.0628948188031737,0.0,1
1414,0,2,-1,-2.8391957950925417,-2.3745367402784776,0.0,1
1415,1,2,-1,0.08161950691090536,-2.7683626349479016,0.0,1
1416,2,2,-1,-0.1536251220751359,-2.562768480866321,0.0,1
1417,3,2,-1,-0.9758726950431698,-1.0235228026994068,0.0,1
1418,4,2,-1,-0.1597280003721928,-2.656114958312238,0.0,1
1419,5,2,-1,-1.6262793278674996,0.33326702550553366,0.0,1
1420,6,2,-1,-3.047775484398366,0.06992928731035142,0.0,1
1421,0,3,-1,-1.5988334506823678,-0.8304732755201192,0.0,1
1422,1,3,-1,-2.3191800067107793,-0.8360071778311314,0.0,1
1423,2,3,-1,-3.0628948188031737,-1.441003967253487,0.0,1
1424,3,3,-1,-2.3745367402784776,-1.959684726349193,0.0,1
1425,4,3,-1,-2.7683626349479016,-1.0138050561150953,0.0,1
1426,5,3,-1,-2.562768480866321,-1.7276319416253338,0.0,1
1427,6,3,-1,-1.0235228026994068,-1.4230180730975506,0.0,1
1428,0,3,-1,-2.656114958312238,-1.2994322128016513,0.0,1
1429,1,3,-1,0.33326702550553366,-0.7574944532273779,0.0,1
1430,2,3,-1,0.06992928731035142,-2.977199655635228,0.0,1
1431,3,4,-1,-0.8304732755201192,-0.8169066238495586,0.0,1
1432,4,4,-1,-0.8360071778311314,0.5543816196574736,0.0,1
1433,5,4,-1,-1.441003967253487,-2.3372102106596317,0.0,1
1434,6,4,-1,-1.959684726349193,-1.0545362591248968,0.0,1
1435,0,4,-1,-1.0138050561150953,-0.4395118872957927,0.0,1
1436,1,4,-1,-1.7276319416253338,-1.4943816593990173,0.0,1
1437,2,4,-1,-1.4230180730975506,-1.389302938606868,0.0,1
1438,3,4,-1,-1.2994322128016513,-0.9773719465607317,0.0,1
1439,4,4,-1,-0.7574944532273779,0.11260584331202017,0.0,1
1440,5,4,-1,-2.977199655635228,-1.6343151611979176,0.0,1
1441,6,4,-1,-0.8169066238495586,0.6637973930193067,0.0,1
1442,0,4,-1,0.5543816196574736,-0.24709181173833183,0.0,1
1443,1,4,-1,-2.3372102106596317,-0.19254654368718696,0.0,1
1444,2,4,-1,-1.0545362591248968,-1.4780674330543855,0.0,1
1445,3,4,-1,-0.4395118872957927,-1.4337817116302265,0.0,1
1446,4,4,-1,-1.4943816593990173,-0.43202917572841215,0.0,1
1447,5,4,-1,-1.389302938606868,-1.0509672740263603,0.0,1
1448,6,4,-1,-0.9773719465607317,-1.2209991134839067,0.0,1
1449,0,4,-1,0.11260584331202017,0.9011358876203746,0.0,1
1450,1,4,-1,-1.6343151611979176,-0.11930032188005882,0.0,1
1451,2,4,-1,0.6637973930193067,-1.305130875040441,0.0,1
1452,3,4,-1,-0.24709181173833183,-2.4480497293212196,0.0,1
1453,4,4,-1,-0.19254654368718696,0.19094458734931175,0.0,1
1454,5,4,-1,-1.4780674330543855,-0.20945158479479842,0.0,1
1455,6,4,-1,-1.4337817116302265,-1.1736880559087863,0.0,1
1456,0,4,-1,-0.43202917572841215,-0.12666384937697397,0.0,1
1457,1,4,-1,-1.0509672740263603,0.9822706945659981,0.0,1
1458,2,4,-1,-1.2209991134839067,0.31172896980866605,0.0,1
1459,3,4,-1,0.9011358876203746,-1.0217773694342394,0.0,1
1460,4,4,-1,-0.11930032188005882,-1.0183806957180752,0.0,1
1461,5,4,-1,-1.305130875040441,-1.6353747530246412,0.0,1
1462,6,4,-1,-2.4480497293212196,0.5221391432261588,0.0,1
1463,0,4,-1,0.19094458734931175,1.10207312663387,0.0,1
1464,1,0,-1,-0.20945158479479842,-2.394024626040312,0.0,1
1465,2,0,-1,-1.1736880559087863,-0.6706258197257559,0.0,1
1466,3,0,-1,-0.12666384937697397,1.5394184655213594,0.0,1
1467,4,0,-1,0.9822706945659981,-0.12947404433862683,0.0,1
1468,5,0,-1,0.31172896980866605,-0.06753763914391316,0.0,1
1469,6,0,-1,-1.0217773694342394,-0.15386632694274505,0.0,1
1470,0,0,-1,-1.0183806957180752,-0.5313139788684533,0.0,1
1471,1,0,-1,-1.6353747530246412,-1.6266208587643316,0.0,1
1472,2,0,-1,0.5221391432261588,-1.5500704259148046,0.0,1
1473,3,0,-1,1.10207312663387,2.345857493715738,0.0,1
1474,4,0,-1,-2.394024626040312,0.5075901349680997,0.0,1
1475,5,0,-1,-0.6706258197257559,0.2120169892525285,0.0,1
1476,6,0,-1,1.5394184655213594,0.7228336397109123,0.0,1
1477,0,0,-1,-0.12947404433862683,0.057933808410294815,0.0,1
1478,1,0,-1,-0.06753763914391316,0.12529582353158553,0.0,1
1479,2,0,-1,-0.15386632694274505,-0.9736837275927822,0.0,1
1480,3,0,-1,-0.5313139788684533,-0.21030127310192953,0.0,1
1481,4,0,-1,-1.6266208587643316,0.6251863994875777,0.0,1
1482,5,0,-1,-1.5500704259148046,-0.8240095370647504,0.0,1
1483,6,0,-1,2.345857493715738,-0.7118861857269261,0.0,1
1484,0,0,-1,0.5075901349680997,1.8467690572109707,0.0,1
1485,1,0,-1,0.2120169892525285,0.9142471695183325,0.0,1
1486,2,0,-1,0.7228336397109123,0.14521059920602641,0.0,1
1487,3,0,-1,0.057933808410294815,1.2501564473584126,0.0,1
1488,4,0,-1,0.12529582353158553,-0.3914608747348248,0.0,1
1489,5,0,-1,-0.9736837275927822,-0.23733192018960236,0.0,1
1490,6,0,-1,-0.21030127310192953,11.579425421684126,0.0,1
1491,0,0,-1,0.6251863994875777,10.029012952766996,0.0,1
1492,1,0,-1,-0.8240095370647504,10.17942262653934,0.0,1
1493,2,0,-1,-0.7118861857269261,11.69999550590581,0.0,1
1494,3,0,-1,1.8467690572109707,11.603586827740587,0.0,1
1495,4,1,-1,0.9142471695183325,10.908574169255312,0.0,1
1496,5,1,-1,0.14521059920602641,10.279421201833005,0.0,1
1497,6,1,-1,1.2501564473584126,3.1070793369285026,0.0,1
1498,0,1,-1,-0.3914608747348248,-0.8267665747462632,0.0,1
1499,1,1,-1,-0.23733192018960236,-0.2344334871272319,0.0,1
1500,2,1,0,11.579425421684126,0.8905396643422829,0.0,1
1501,3,1,0,10.029012952766996,0.7266340400029867,0.0,1
1502,4,1,0,10.17942262653934,0.22019660516691564,0.0,1
1503,5,1,0,11.69999550590581,-0.721243160815794,0.0,1
1504,6,1,0,11.603586827740587,0.5281221783088706,0.0,1
1505,0,1,0,10.908574169255312,0.023144272088103657,0.0,1
1506,1,1,0,10.279421201833005,0.5921223225697256,0.0,1
1507,2,1,-1,3.1070793369285026,1.5007993550404555,0.0,1
1508,3,1,-1,-0.8267665747462632,0.9062739203154866,0.0,1
1509,4,1,-1,-0.2344334871272319,1.063245487288424,0.0,1
1510,5,1,-1,0.8905396643422829,2.032856353740085,0.0,1
1511,6,1,-1,0.7266340400029867,-0.06480325122613073,0.0,1
1512,0,1,-1,0.22019660516691564,1.1351185239441821,0.0,1
1513,1,1,-1,-0.721243160815794,1.882836677205302,0.0,1
1514,2,1,-1,0.5281221783088706,1.0068946250891893,0.0,1
1515,3,1,-1,0.023144272088103657,1.7076861534943202,0.0,1
1516,4,1,-1,0.5921223225697256,3.4719065840962564,0.0,1
1517,5,1,-1,1.5007993550404555,2.9065488623733358,0.0,1
1518,6,1,-1,0.9062739203154866,0.4976793372814804,0.0,1
1519,0,1,-1,1.063245487288424,1.489606844413732,0.0,1
1520,1,1,-1,2.032856353740085,0.4709207364475624,0.0,1
1521,2,1,-1,-0.06480325122613073,4.017401236222245,0.0,1
1522,3,1,-1,1.1351185239441821,3.116353550009108,0.0,1
1523,4,2,-1,1.882836677205302,0.3209160713651178,0.0,1
1524,5,2,-1,1.0068946250891893,1.6476560194489458,0.0,1
1525,6,2,-1,1.7076861534943202,2.7412492530869863,0.0,1
1526,0,2,-1,3.4719065840962564,0.9576702344317379,0.0,1
1527,1,2,-1,2.9065488623733358,-0.4359990389483188,0.0,1
1528,2,2,-1,0.4976793372814804,3.2963507091384767,0.0,1
1529,3,2,-1,1.489606844413732,4.570181101568588,0.0,1
1530,4,2,-1,0.4709207364475624,2.6964654437673574,0.0,1
1531,5,2,-1,4.017401236222245,2.4072556368988742,0.0,1
1532,6,2,-1,3.116353550009108,0.965155976275557,0.0,1
1533,0,2,-1,0.3209160713651178,1.382395647779794,0.0,1
1534,1,2,-1,1.6476560194489458,1.26428660938772,0.0,1
1535,2,2,-1,2.7412492530869863,1.5502648019231737,0.0,1
1536,3,2,-1,0.9576702344317379,1.9591286598749695,0.0,1
1537,4,2,-1,-0.4359990389483188,3.392419514916818,0.0,1
1538,5,2,-1,3.2963507091384767,3.9994393238423367,0.0,1
1539,6,2,-1,4.570181101568588,0.3353116937315934,0.0,1
1540,0,2,-1,2.6964654437673574,0.7771316736890721,0.0,1
1541,1,2,-1,2.4072556368988742,2.5412651573213156,0.0,1
1542,2,2,-1,0.965155976275557,-0.22027616028846664,0.0,1
1543,3,3,-1,1.382395647779794,3.135147146741919,0.0,1
1544,4,3,-1,1.26428660938772,3.1644179105043873,0.0,1
1545,5,3,-1,1.5502648019231737,1.7645794660862133,0.0,1
1546,6,3,-1,1.9591286598749695,1.1909854576417729,0.0,1
1547,0,3,-1,3.392419514916818,-0.5851355343342801,0.0,1
1548,1,3,-1,3.9994393238423367,1.2750559308703857,0.0,1
1549,2,3,-1,0.3353116937315934,3.4385413596656362,0.0,1
1550,3,3,-1,0.7771316736890721,3.11023295912723,0.0,1
1551,4,3,-1,2.5412651573213156,0.3669581417947294,0.0,1
1552,5,3,-1,-0.22027616028846664,2.651267447641303,0.0,1
1553,6,4,-1,3.135147146741919,2.5152332675656406,0.0,1
1554,0,4,-1,3.1644179105043873,0.722095848369685,0.0,1
1555,1,4,-1,1.7645794660862133,1.6460962315306218,0.0,1
1556,2,4,-1,1.1909854576417729,2.415176203633786,0.0,1
1557,3,4,-1,-0.5851355343342801,3.578875360365645,0.0,1
1558,4,4,-1,1.2750559308703857,3.7348892491757235,0.0,1
1559,5,4,-1,3.4385413596656362,1.7202492969625507,0.0,1
1560,6,4,-1,3.11023295912723,1.0407736889632035,0.0,1
1561,0,4,-1,0.3669581417947294,1.6762951355742548,0.0,1
1562,1,4,-1,2.651267447641303,2.090043115712192,0.0,1
1563,2,4,-1,2.5152332675656406,1.9568151711322535,0.0,1
1564,3,4,-1,0.722095848369685,2.1344837764517863,0.0,1
1565,4,4,-1,1.6460962315306218,2.0311486653487965,0.0,1
1566,5,4,-1,2.415176203633786,1.5325913183875894,0.0,1
1567,6,4,-1,3.578875360365645,3.085584102412817,0.0,1
1568,0,4,-1,3.7348892491757235,2.4000486147878575,0.0,1
1569,1,4,-1,1.7202492969625507,1.199642562128397,0.0,1
1570,2,4,-1,1.0407736889632035,3.188231849667273,0.0,1
1571,3,4,-1,1.6762951355742548,1.7994448811007524,0.0,1
1572,4,4,-1,2.090043115712192,2.6097448014429685,0.0,1
1573,5,4,-1,1.9568151711322535,0.7837880001604294,0.0,1
1574,6,4,-1,2.1344837764517863,1.8086347656309159,0.0,1
1575,0,4,-1,2.0311486653487965,1.6831478655720753,0.0,1
1576,1,4,-1,1.5325913183875894,1.001723172669914,0.0,1
1577,2,4,-1,3.085584102412817,3.2430228123078417,0.0,1
1578,3,4,-1,2.4000486147878575,1.3903822622818869,0.0,1
1579,4,4,-1,1.199642562128397,3.764259760629173,0.0,1
1580,5,4,-1,3.188231849667273,2.76514650289596,0.0,1
1581,6,4,-1,1.7994448811007524,1.3937333011976907,0.0,1
1582,0,4,-1,2.6097448014429685,2.972496724524159,0.0,1
1583,1,4,-1,0.7837880001604294,3.282106135505642,0.0,1
1584,2,4,-1,1.8086347656309159,3.318605060696378,0.0,1
1585,3,4,-1,1.6831478655720753,2.816364539849996,0.0,1
1586,4,0,-1,1.001723172669914,3.310089296247521,0.0,1
1587,5,0,-1,3.2430228123078417,2.183145657488055,0.0,1
1588,6,0,-1,1.3903822622818869,2.276513448863529,0.0,1
1589,0,0,-1,3.764259760629173,3.4852217591288337,0.0,1
1590,1,0,-1,2.76514650289596,11.222521207078955,0.0,1
1591,2,0,-1,1.3937333011976907,14.24130346539153,0.0,1
1592,3,0,-1,2.972496724524159,15.101646665743266,0.0,1
1593,4,0,-1,3.282106135505642,15.045050906174016,0.0,1
1594,5,0,-1,3.318605060696378,14.309159662584701,0.0,1
1595,6,0,-1,2.816364539849996,15.206925119388151,0.0,1
1596,0,0,-1,3.310089296247521,12.010215557809989,0.0,1
1597,1,0,-1,2.183145657488055,2.6949646049155307,0.0,1
1598,2,0,-1,2.276513448863529,2.4403086893565593,0.0,1
1599,3,0,-1,3.4852217591288337,3.5580569317925965,0.0,1
1600,4,0,0,11.222521207078955,3.7619478746864767,0.0,1
1601,5,0,0,14.24130346539153,4.965249491447503,0.0,1
1602,6,0,0,15.101646665743266,3.02659894925389,0.0,1
1603,0,0,0,15.045050906174016,1.0610422914237465,0.0,1
1604,1,0,0,14.309159662584701,3.6308427275737403,0.0,1
1605,2,0,0,15.206925119388151,4.829260828849834,0.0,1
1606,3,0,0,12.010215557809989,4.042964204864923,0.0,1
1607,4,0,-1,2.6949646049155307,2.6303795395581644,0.0,1
1608,5,0,-1,2.4403086893565593,3.995914460706633,0.0,1
1609,6,0,-1,3.5580569317925965,4.130004376265625,0.0,1
1610,0,0,-1,3.7619478746864767,1.4550059259953982,0.0,1
1611,1,0,-1,4.965249491447503,3.144610248848561,0.0,1
1612,2,0,-1,3.02659894925389,3.634462732316108,0.0,1
1613,3,0,-1,1.0610422914237465,4.855972154943946,0.0,1
1614,4,0,-1,3.6308427275737403,3.338551678925236,0.0,1
1615,5,0,-1,4.829260828849834,1.9439113241086823,0.0,1
1616,6,0,-1,4.042964204864923,4.733359231244796,0.0,1
1617,0,1,-1,2.6303795395581644,2.527736743412822,0.0,1
1618,1,1,-1,3.995914460706633,1.9736785964851784,0.0,1
1619,2,1,-1,4.130004376265625,5.813558686452794,0.0,1
1620,3,1,-1,1.4550059259953982,4.469875715509413,0.0,1
1621,4,1,-1,3.144610248848561,4.342509625084774,0.0,1
1622,5,1,-1,3.634462732316108,3.300486777275204,0.0,1
1623,6,1,-1,4.855972154943946,1.6161041157977298,0.0,1
1624,0,1,-1,3.338551678925236,1.9115623300309128,0.0,1
1625,1,1,-1,1.9439113241086823,2.733181233751187,0.0,1
1626,2,1,-1,4.733359231244796,4.6888578497028774,0.0,1
1627,3,1,-1,2.527736743412822,4.897971902179677,0.0,1
1628,4,1,-1,1.9736785964851784,3.7064931777173595,0.0,1
1629,5,1,-1,5.813558686452794,3.245665344523772,0.0,1
1630,6,1,-1,4.469875715509413,2.611421765927152,0.0,1
1631,0,1,-1,4.342509625084774,1.640209996581967,0.0,1
1632,1,1,-1,3.300486777275204,2.7514277189255436,0.0,1
1633,2,1,-1,1.6161041157977298,4.6252622779520465,0.0,1
1634,3,1,-1,1.9115623300309128,5.209863312787505,0.0,1
1635,4,1,-1,2.733181233751187,5.195088850648268,0.0,1
1636,5,1,-1,4.6888578497028774,4.651455764334636,0.0,1
1637,6,1,-1,4.897971902179677,3.6777208531037897,0.0,1
1638,0,1,-1,3.7064931777173595,2.8820674781957067,0.0,1
1639,1,1,-1,3.245665344523772,2.8266690442389137,0.0,1
1640,2,1,-1,2.611421765927152,5.900946800503472,0.0,1
1641,3,1,-1,1.640209996581967,3.838497265054364,0.0,1
1642,4,1,-1,2.7514277189255436,3.847993173037196,0.0,1
1643,5,1,-1,4.6252622779520465,4.150236079292766,0.0,1
1644,6,1,-1,5.209863312787505,4.158458531104648,0.0,1
1645,0,2,-1,5.195088850648268,1.5837087351862353,0.0,1
1646,1,2,-1,4.651455764334636,3.036998265745763,0.0,1
1647,2,2,-1,3.6777208531037897,5.1885793404966964,0.0,1
1648,3,2,-1,2.8820674781957067,6.9823137444625605,0.0,1
1649,4,2,-1,2.8266690442389137,5.539164965601163,0.0,1
1650,5,2,-1,5.900946800503472,4.317942525947877,0.0,1
1651,6,2,-1,3.838497265054364,4.714511641523219,0.0,1
1652,0,2,-1,3.847993173037196,4.027249078685647,0.0,1
1653,1,2,-1,4.150236079292766,2.957884409010172,0.0,1
1654,2,2,-1,4.158458531104648,4.365553805727423,0.0,1
1655,3,2,-1,1.5837087351862353,6.472717257271814,0.0,1
1656,4,2,-1,3.036998265745763,5.89950057376984,0.0,1
1657,5,2,-1,5.1885793404966964,4.119396543406884,0.0,1
1658,6,2,-1,6.9823137444625605,4.9773854693172295,0.0,1
1659,0,2,-1,5.539164965601163,4.396583083405134,0.0,1
1660,1,2,-1,4.317942525947877,2.8641502830632257,0.0,1
1661,2,2,-1,4.714511641523219,7.256886517319814,0.0,1
1662,3,2,-1,4.027249078685647,6.472158797947996,0.0,1
1663,4,2,-1,2.957884409010172,4.729346870318264,0.0,1
1664,5,2,-1,4.365553805727423,5.129155354232475,0.0,1
1665,6,3,-1,6.472717257271814,4.806998128758608,0.0,1
1666,0,3,-1,5.89950057376984,2.9796980026919018,0.0,1
1667,1,3,-1,4.119396543406884,2.078141990459092,0.0,1
1668,2,3,-1,4.9773854693172295,4.369973742794457,0.0,1
1669,3,3,-1,4.396583083405134,5.520050311476286,0.0,1
1670,4,3,-1,2.8641502830632257,5.32227773002715,0.0,1
1671,5,3,-1,7.256886517319814,6.360959601126939,0.0,1
1672,6,3,-1,6.472158797947996,4.323649353042202,0.0,1
1673,0,3,-1,4.729346870318264,4.612181276746645,0.0,1
1674,1,3,-1,5.129155354232475,3.3169401192931565,0.0,1
1675,2,4,-1,4.806998128758608,6.447882113937581,0.0,1
1676,3,4,-1,2.9796980026919018,7.110260745174006,0.0,1
1677,4,4,-1,2.078141990459092,4.352275975898474,0.0,1
1678,5,4,-1,4.369973742794457,3.7749099654890674,0.0,1
1679,6,4,-1,5.520050311476286,4.194831452388912,0.0,1
1680,0,4,-1,5.32227773002715,4.441551655707234,0.0,1
1681,1,4,-1,6.360959601126939,3.0587708970690377,0.0,1
1682,2,4,-1,4.323649353042202,6.356152984028136,0.0,1
1683,3,4,-1,4.612181276746645,8.4009681694489,0.0,1
1684,4,4,-1,3.3169401192931565,6.386017672588503,0.0,1
1685,5,4,-1,6.447882113937581,5.8306196369352135,0.0,1
1686,6,4,-1,7.110260745174006,2.3374061009763336,0.0,1
1687,0,4,-1,4.352275975898474,2.6969013246402427,0.0,1
1688,1,4,-1,3.7749099654890674,3.237518825317966,0.0,1
1689,2,4,-1,4.194831452388912,6.204217369266112,0.0,1
1690,3,4,-1,4.441551655707234,15.855074321765183,0.0,1
1691,4,4,-1,3.0587708970690377,15.345053476596217,0.0,1
1692,5,4,-1,6.356152984028136,15.638977586315189,0.0,1
1693,6,4,-1,8.4009681694489,15.020819925360914,0.0,1
1694,0,4,-1,6.386017672588503,15.720902574275426,0.0,1
1695,1,4,-1,5.8306196369352135,14.367151882363975,0.0,1
1696,2,4,-1,2.3374061009763336,15.94582470250328,0.0,1
1697,3,4,-1,2.6969013246402427,8.045559863374017,0.0,1
1698,4,4,-1,3.237518825317966,6.723202183678424,0.0,1
1699,5,4,-1,6.204217369266112,5.010582715456667,0.0,1
1700,6,4,0,15.855074321765183,4.291907939109381,0.0,1
1701,0,4,0,15.345053476596217,5.823598234348605,0.0,1
1702,1,4,0,15.638977586315189,3.468200867903787,0.0,1
1703,2,4,0,15.020819925360914,7.611395807886724,0.0,1
1704,3,4,0,15.720902574275426,8.233156291057607,0.0,1
1705,4,4,0,14.367151882363975,7.105348207552703,0.0,1
1706,5,4,0,15.94582470250328,5.304008100717415,0.0,1
1707,6,4,-1,8.045559863374017,4.920634572104801,0.0,1
1708,0,0,-1,6.723202183678424,3.315452637265885,0.0,1
1709,1,0,-1,5.010582715456667,1.7440394780737587,0.0,1
1710,2,0,-1,4.291907939109381,7.086089648946059,0.0,1
1711,3,0,-1,5.823598234348605,7.2318730335600305,0.0,1
1712,4,0,-1,3.468200867903787,7.784436325728847,0.0,1
1713,5,0,-1,7.611395807886724,4.876880447753678,0.0,1
1714,6,0,-1,8.233156291057607,4.332366106756514,0.0,1
1715,0,0,-1,7.105348207552703,3.8896972461931183,0.0,1
1716,1,0,-1,5.304008100717415,2.4838340103033136,0.0,1
1717,2,0,-1,4.920634572104801,6.234261202482325,0.0,1
1718,3,0,-1,3.315452637265885,7.283928641326839,0.0,1
1719,4,0,-1,1.7440394780737587,7.140334210169647,0.0,1
1720,5,0,-1,7.086089648946059,5.482452313286876,0.0,1
1721,6,0,-1,7.2318730335600305,4.809043189041823,0.0,1
1722,0,0,-1,7.784436325728847,3.699105412297026,0.0,1
1723,1,0,-1,4.876880447753678,3.5777981720573715,0.0,1
1724,2,0,-1,4.332366106756514,7.606777123316234,0.0,1
1725,3,0,-1,3.8896972461931183,6.392312467293512,0.0,1
1726,4,0,-1,2.4838340103033136,5.401212420070303,0.0,1
1727,5,0,-1,6.234261202482325,6.014153799801863,0.0,1
1728,6,0,-1,7.283928641326839,4.792983354267135,0.0,1
1729,0,0,-1,7.140334210169647,3.413698213519092,0.0,1
1730,1,0,-1,5.482452313286876,3.3013804412573915,0.0,1
1731,2,0,-1,4.809043189041823,7.540879273157235,0.0,1
1732,3,0,-1,3.699105412297026,8.030095096219501,0.0,1
1733,4,0,-1,3.5777981720573715,6.391384704773288,0.0,1
1734,5,0,-1,7.606777123316234,7.377671062199222,0.0,1
1735,6,0,-1,6.392312467293512,5.74027022416893,0.0,1
1736,0,0,-1,5.401212420070303,4.636804125782582,0.0,1
1737,1,0,-1,6.014153799801863,4.409382882023957,0.0,1
1738,2,0,-1,4.792983354267135,9.057707735448773,0.0,1
1739,3,1,-1,3.413698213519092,7.238175008310719,0.0,1
1740,4,1,-1,3.3013804412573915,7.2863937776208125,0.0,1
1741,5,1,-1,7.540879273157235,5.824573331142947,0.0,1
1742,6,1,-1,8.030095096219501,5.460476705108779,0.0,1
1743,0,1,-1,6.391384704773288,6.359739712080968,0.0,1
1744,1,1,-1,7.377671062199222,2.804313987948669,0.0,1
1745,2,1,-1,5.74027022416893,8.374604086093676,0.0,1
1746,3,1,-1,4.636804125782582,7.014657801061128,0.0,1
1747,4,1,-1,4.409382882023957,6.05281790373954,0.0,1
1748,5,1,-1,9.057707735448773,5.812081237682608,0.0,1
1749,6,1,-1,7.238175008310719,4.622661243445329,0.0,1
1750,0,1,-1,7.2863937776208125,2.5310823895874743,0.0,1
1751,1,1,-1,5.824573331142947,2.8061580109789226,0.0,1
1752,2,1,-1,5.460476705108779,8.662863001055458,0.0,1
1753,3,1,-1,6.359739712080968,7.459398719381499,0.0,1
1754,4,1,-1,2.804313987948669,6.760755689405622,0.0,1
1755,5,1,-1,8.374604086093676,7.466718201644276,0.0,1
1756,6,1,-1,7.014657801061128,4.856061768901709,0.0,1
1757,0,1,-1,6.05281790373954,5.3960977902768175,0.0,1
1758,1,1,-1,5.812081237682608,2.94533081189634,0.0,1
1759,2,1,-1,4.622661243445329,9.218358595392004,0.0,1
1760,3,1,-1,2.5310823895874743,9.11717905210254,0.0,1
1761,4,1,-1,2.8061580109789226,6.231658059533245,0.0,1
1762,5,1,-1,8.662863001055458,5.376921406593109,0.0,1
1763,6,1,-1,7.459398719381499,5.658502456934666,0.0,1
1764,0,1,-1,6.760755689405622,4.99668402820126,0.0,1
1765,1,1,-1,7.466718201644276,2.369032378811391,0.0,1
1766,2,1,-1,4.856061768901709,9.309780185644602,0.0,1
1767,3,2,-1,5.3960977902768175,8.528744275791382,0.0,1
1768,4,2,-1,2.94533081189634,6.279325232707155,0.0,1
1769,5,2,-1,9.218358595392004,4.343438809110381,0.0,1
1770,6,2,-1,9.11717905210254,7.096471394126162,0.0,1
1771,0,2,-1,6.231658059533245,6.043944039018363,0.0,1
1772,1,2,-1,5.376921406593109,4.931687623878446,0.0,1
1773,2,2,-1,5.658502456934666,8.945074124921135,0.0,1
1774,3,2,-1,4.99668402820126,8.271621586735694,0.0,1
1775,4,2,-1,2.369032378811391,8.440916002866294,0.0,1
1776,5,2,-1,9.309780185644602,7.301783526651142,0.0,1
1777,6,2,-1,8.528744275791382,6.487880558761415,0.0,1
1778,0,2,-1,6.279325232707155,4.737673503013632,0.0,1
1779,1,2,-1,4.343438809110381,5.368059119174377,0.0,1
1780,2,2,-1,7.096471394126162,8.406666156010036,0.0,1
1781,3,2,-1,6.043944039018363,8.05963981859354,0.0,1
1782,4,2,-1,4.931687623878446,7.4005217315957195,0.0,1
1783,5,2,-1,8.945074124921135,7.248110266398277,0.0,1
1784,6,2,-1,8.271621586735694,5.874910584729312,0.0,1
1785,0,2,-1,8.440916002866294,3.1935915061223543,0.0,1
1786,1,2,-1,7.301783526651142,3.2696895577800764,0.0,1
1787,2,3,-1,6.487880558761415,6.862190694849426,0.0,1
1788,3,3,-1,4.737673503013632,9.165141879573508,0.0,1
1789,4,3,-1,5.368059119174377,6.541426730632823,0.0,1
1790,5,3,-1,8.406666156010036,16.65737525948523,0.0,1
1791,6,3,-1,8.05963981859354,15.897875790955464,0.0,1
1792,0,3,-1,7.4005217315957195,14.137875086491167,0.0,1
1793,1,3,-1,7.248110266398277,12.68788315794639,0.0,1
1794,2,3,-1,5.874910584729312,18.11936828007415,0.0,1
1795,3,3,-1,3.1935915061223543,18.593260907406584,0.0,1
1796,4,3,-1,3.2696895577800764,19.266735913914605,0.0,1
1797,5,4,-1,6.862190694849426,6.8656308940319555,0.0,1
1798,6,4,-1,9.165141879573508,7.030479546541641,0.0,1
1799,0,4,-1,6.541426730632823,5.107029488413113,0.0,1
1800,1,4,0,16.65737525948523,4.804285255661534,0.0,1
1801,2,4,0,15.897875790955464,9.94996156784641,0.0,1
1802,3,4,0,14.137875086491167,8.317145612998347,0.0,1
1803,4,4,0,12.68788315794639,7.756808243436536,0.0,1
1804,5,4,0,18.11936828007415,7.041406045686699,0.0,1
1805,6,4,0,18.593260907406584,6.67661656509328,0.0,1
1806,0,4,0,19.266735913914605,4.7742094250432,0.0,1
1807,1,4,-1,6.8656308940319555,4.1092010863144735,0.0,1
1808,2,4,-1,7.030479546541641,8.47148162527002,0.0,1
1809,3,4,-1,5.107029488413113,7.662144837583947,0.0,1
1810,4,4,-1,4.804285255661534,7.790152654651717,0.0,1
1811,5,4,-1,9.94996156784641,5.712653806857519,0.0,1
1812,6,4,-1,8.317145612998347,5.983913870928778,0.0,1
1813,0,4,-1,7.756808243436536,6.78617582507526,0.0,1
1814,1,4,-1,7.041406045686699,5.637950630591318,0.0,1
1815,2,4,-1,6.67661656509328,8.680123804428124,0.0,1
1816,3,4,-1,4.7742094250432,9.262677898426118,0.0,1
1817,4,4,-1,4.1092010863144735,8.29997273663219,0.0,1
1818,5,4,-1,8.47148162527002,7.1861848451615895,0.0,1
1819,6,4,-1,7.662144837583947,6.922966552325136,0.0,1
1820,0,4,-1,7.790152654651717,6.459840819078108,0.0,1
1821,1,4,-1,5.712653806857519,3.925132167545352,0.0,1
1822,2,4,-1,5.983913870928778,10.292455875279849,0.0,1
1823,3,4,-1,6.78617582507526,8.99595312728795,0.0,1
1824,4,4,-1,5.637950630591318,8.052613265142108,0.0,1
1825,5,4,-1,8.680123804428124,5.564797956185696,0.0,1
1826,6,4,-1,9.262677898426118,6.232033128416507,0.0,1
1827,0,4,-1,8.29997273663219,5.349131807253541,0.0,1
1828,1,4,-1,7.1861848451615895,4.355392503917775,0.0,1
1829,2,4,-1,6.922966552325136,7.515530449433296,0.0,1
1830,3,0,-1,6.459840819078108,7.793631472811857,0.0,1
1831,4,0,-1,3.925132167545352,8.352476368521543,0.0,1
1832,5,0,-1,10.292455875279849,7.312239040090829,0.0,1
1833,6,0,-1,8.99595312728795,6.642874514573674,0.0,1
1834,0,0,-1,8.052613265142108,6.597201117064472,0.0,1
1835,1,0,-1,5.564797956185696,4.379432999052901,0.0,1
1836,2,0,-1,6.232033128416507,8.215756205970914,0.0,1
1837,3,0,-1,5.349131807253541,8.358275082329413,0.0,1
1838,4,0,-1,4.355392503917775,8.483759723382764,0.0,1
1839,5,0,-1,7.515530449433296,8.425413939269422,0.0,1
1840,6,0,-1,7.793631472811857,5.593724925535342,0.0,1
1841,0,0,-1,8.352476368521543,5.229749726860266,0.0,1
1842,1,0,-1,7.312239040090829,5.137362725818983,0.0,1
1843,2,0,-1,6.642874514573674,7.793402110537819,0.0,1
1844,3,0,-1,6.597201117064472,10.637517269391283,0.0,1
1845,4,0,-1,4.379432999052901,8.618351513782125,0.0,1
1846,5,0,-1,8.215756205970914,7.769239060995504,0.0,1
1847,6,0,-1,8.358275082329413,6.424972291305324,0.0,1
1848,0,0,-1,8.483759723382764,6.611968206096445,0.0,1
1849,1,0,-1,8.425413939269422,4.658765069171436,0.0,1
1850,2,0,-1,5.593724925535342,8.316827717905271,0.0,1
1851,3,0,-1,5.229749726860266,7.8345638242335545,0.0,1
1852,4,0,-1,5.137362725818983,7.740817478301311,0.0,1
1853,5,0,-1,7.793402110537819,7.216950030317654,0.0,1
1854,6,0,-1,10.637517269391283,7.200024935068642,0.0,1
1855,0,0,-1,8.618351513782125,4.666961088562683,0.0,1
1856,1,0,-1,7.769239060995504,4.833174954324593,0.0,1
1857,2,0,-1,6.424972291305324,8.824489878735564,0.0,1
1858,3,0,-1,6.611968206096445,8.763487348741993,0.0,1
1859,4,0,-1,4.658765069171436,8.096482117988513,0.0,1
1860,5,0,-1,8.316827717905271,8.845942427937425,0.0,1
1861,6,1,-1,7.8345638242335545,6.6995327791009744,0.0,1
1862,0,1,-1,7.740817478301311,5.674545822095196,0.0,1
1863,1,1,-1,7.216950030317654,5.639546656855126,0.0,1
1864,2,1,-1,7.200024935068642,9.159047986694418,0.0,1
1865,3,1,-1,4.666961088562683,10.461484907678857,0.0,1
1866,4,1,-1,4.833174954324593,8.627204078625947,0.0,1
1867,5,1,-1,8.824489878735564,8.374051007275146,0.0,1
1868,6,1,-1,8.763487348741993,6.674113085701428,0.0,1
1869,0,1,-1,8.096482117988513,5.618660183505712,0.0,1
1870,1,1,-1,8.845942427937425,6.455257178393041,0.0,1
1871,2,1,-1,6.6995327791009744,9.949062643413752,0.0,1
1872,3,1,-1,5.674545822095196,9.76897895661839,0.0,1
1873,4,1,-1,5.639546656855126,7.984321230230475,0.0,1
1874,5,1,-1,9.159047986694418,7.47819408826041,0.0,1
1875,6,1,-1,10.461484907678857,7.286807484984154,0.0,1
1876,0,1,-1,8.627204078625947,6.3951274078122635,0.0,1
1877,1,1,-1,8.374051007275146,4.998472431400607,0.0,1
1878,2,1,-1,6.674113085701428,9.22223238164392,0.0,1
1879,3,1,-1,5.618660183505712,9.933666128480462,0.0,1
1880,4,1,-1,6.455257178393041,8.528911954617012,0.0,1
1881,5,1,-1,9.949062643413752,9.142058654980548,0.0,1
1882,6,1,-1,9.76897895661839,7.385075615030106,0.0,1
1883,0,1,-1,7.984321230230475,5.6861829175837455,0.0,1
1884,1,1,-1,7.47819408826041,6.170798993245981,0.0,1
1885,2,1,-1,7.286807484984154,9.530580294003114,0.0,1
1886,3,1,-1,6.3951274078122635,9.517817167267207,0.0,1
1887,4,1,-1,4.998472431400607,9.57705037179256,0.0,1
1888,5,1,-1,9.22223238164392,7.837227446154045,0.0,1
1889,6,2,-1,9.933666128480462,7.488520227813228,0.0,1
1890,0,2,-1,8.528911954617012,14.913067275504106,0.0,1
1891,1,2,-1,9.142058654980548,16.78018267805872,0.0,1
1892,2,2,-1,7.385075615030106,20.34651214190643,0.0,1
1893,3,2,-1,5.6861829175837455,20.151088621967453,0.0,1
1894,4,2,-1,6.170798993245981,18.405126392924565,0.0,1
1895,5,2,-1,9.530580294003114,17.475711793591802,0.0,1
1896,6,2,-1,9.517817167267207,17.478850668736914,0.0,1
1897,0,2,-1,9.57705037179256,6.059261928069542,0.0,1
1898,1,2,-1,7.837227446154045,4.703702292000821,0.0,1
1899,2,2,-1,7.488520227813228,8.856052818811147,0.0,1
1900,3,2,0,14.913067275504106,8.086752027748084,0.0,1
1901,4,2,0,16.78018267805872,9.402809874232544,0.0,1
1902,5,2,0,20.34651214190643,8.970525927837226,0.0,1
1903,6,2,0,20.151088621967453,5.653729276673332,0.0,1
1904,0,2,0,18.405126392924565,4.788474577399936,0.0,1
1905,1,2,0,17.475711793591802,5.832946881843077,0.0,1
1906,2,2,0,17.478850668736914,9.010906981957826,0.0,1
1907,3,2,-1,6.059261928069542,10.645377880909429,0.0,1
1908,4,2,-1,4.703702292000821,8.146834252604807,0.0,1
1909,5,3,-1,8.856052818811147,7.7598372499433195,0.0,1
1910,6,3,-1,8.086752027748084,6.614225089275406,0.0,1
1911,0,3,-1,9.402809874232544,6.872099792542413,0.0,1
1912,1,3,-1,8.970525927837226,4.98430820665612,0.0,1
1913,2,3,-1,5.653729276673332,10.45741751073438,0.0,1
1914,3,3,-1,4.788474577399936,9.176514161980588,0.0,1
1915,4,3,-1,5.832946881843077,8.532296682756872,0.0,1
1916,5,3,-1,9.010906981957826,7.976432543034965,0.0,1
1917,6,3,-1,10.645377880909429,5.627331585349854,0.0,1
1918,0,3,-1,8.146834252604807,4.306274178314904,0.0,1
1919,1,4,-1,7.7598372499433195,5.093630193558555,0.0,1
1920,2,4,-1,6.614225089275406,10.504667986062046,0.0,1
1921,3,4,-1,6.872099792542413,10.505400465938465,0.0,1
1922,4,4,-1,4.98430820665612,6.339042779685556,0.0,1
1923,5,4,-1,10.45741751073438,9.060876665281821,0.0,1
1924,6,4,-1,9.176514161980588,6.8610613684138855,0.0,1
1925,0,4,-1,8.532296682756872,5.2939722248241,0.0,1
1926,1,4,-1,7.976432543034965,4.063962070264185,0.0,1
1927,2,4,-1,5.627331585349854,11.878565850195958,0.0,1
1928,3,4,-1,4.306274178314904,9.45870958289841,0.0,1
1929,4,4,-1,5.093630193558555,7.948138533469041,0.0,1
1930,5,4,-1,10.504667986062046,9.392830561449932,0.0,1
1931,6,4,-1,10.505400465938465,7.84396566457509,0.0,1
1932,0,4,-1,6.339042779685556,5.720398711227485,0.0,1
1933,1,4,-1,9.060876665281821,4.476109497610529,0.0,1
1934,2,4,-1,6.8610613684138855,9.826090920921624,0.0,1
1935,3,4,-1,5.2939722248241,8.411558123058802,0.0,1
1936,4,4,-1,4.063962070264185,9.477894377182565,0.0,1
1937,5,4,-1,11.878565850195958,7.979513040529755,0.0,1
1938,6,4,-1,9.45870958289841,8.02877227504646,0.0,1
1939,0,4,-1,7.948138533469041,7.359358956125818,0.0,1
1940,1,4,-1,9.392830561449932,4.909445221200747,0.0,1
1941,2,4,-1,7.84396566457509,11.525878739934395,0.0,1
1942,3,4,-1,5.720398711227485,10.038999269002883,0.0,1
1943,4,4,-1,4.476109497610529,8.572718973380955,0.0,1
1944,5,4,-1,9.826090920921624,8.35420969505893,0.0,1
1945,6,4,-1,8.411558123058802,7.436103976595902,0.0,1
1946,0,4,-1,9.477894377182565,4.487849060117422,0.0,1
1947,1,4,-1,7.979513040529755,5.2029958471431765,0.0,1
1948,2,4,-1,8.02877227504646,8.099325537091193,0.0,1
1949,3,4,-1,7.359358956125818,10.206601379370706,0.0,1
1950,4,4,-1,4.909445221200747,8.323450520833942,0.0,1
1951,5,4,-1,11.525878739934395,7.636555716545392,0.0,1
1952,6,0,-1,10.038999269002883,6.173839861151787,0.0,1
1953,0,0,-1,8.572718973380955,4.953647454548253,0.0,1
1954,1,0,-1,8.35420969505893,4.871675351286301,0.0,1
1955,2,0,-1,7.436103976595902,9.712151695444929,0.0,1
1956,3,0,-1,4.487849060117422,8.66152627405399,0.0,1
1957,4,0,-1,5.2029958471431765,9.163477091771002,0.0,1
1958,5,0,-1,8.099325537091193,9.702846008693147,0.0,1
1959,6,0,-1,10.206601379370706,4.98116182841955,0.0,1
1960,0,0,-1,8.323450520833942,5.055439317549741,0.0,1
1961,1,0,-1,7.636555716545392,6.374504363870654,0.0,1
1962,2,0,-1,6.173839861151787,9.7446735707665,0.0,1
1963,3,0,-1,4.953647454548253,11.530265752003722,0.0,1
1964,4,0,-1,4.871675351286301,8.90430267162186,0.0,1
1965,5,0,-1,9.712151695444929,8.351077375372098,0.0,1
1966,6,0,-1,8.66152627405399,5.965820131509168,0.0,1
1967,0,0,-1,9.163477091771002,5.880478871322101,0.0,1
1968,1,0,-1,9.702846008693147,6.760879175784039,0.0,1
1969,2,0,-1,4.98116182841955,10.017164739143032,0.0,1
1970,3,0,-1,5.055439317549741,9.83458788979416,0.0,1
1971,4,0,-1,6.374504363870654,12.062261271781926,0.0,1
1972,5,0,-1,9.7446735707665,6.953637339679604,0.0,1
1973,6,0,-1,11.530265752003722,5.989615693904723,0.0,1
1974,0,0,-1,8.90430267162186,5.791470754465255,0.0,1
1975,1,0,-1,8.351077375372098,5.839304490939398,0.0,1
1976,2,0,-1,5.965820131509168,10.976698925818713,0.0,1
1977,3,0,-1,5.880478871322101,9.36754690937601,0.0,1
1978,4,0,-1,6.760879175784039,9.297096932124282,0.0,1
1979,5,0,-1,10.017164739143032,8.176076083163428,0.0,1
1980,6,0,-1,9.83458788979416,6.631976990450481,0.0,1
1981,0,0,-1,12.062261271781926,6.204545871559301,0.0,1
1982,1,0,-1,6.953637339679604,4.498730235843338,0.0,1
1983,2,1,-1,5.989615693904723,9.48107201142739,0.0,1
1984,3,1,-1,5.791470754465255,10.308322887561545,0.0,1
1985,4,1,-1,5.839304490939398,9.40420006466739,0.0,1
1986,5,1,-1,10.976698925818713,7.363765662583861,0.0,1
1987,6,1,-1,9.36754690937601,6.111551283054961,0.0,1
1988,0,1,-1,9.297096932124282,6.396794970433555,0.0,1
1989,1,1,-1,8.176076083163428,5.063761387441972,0.0,1
1990,2,1,-1,6.631976990450481,20.491283698921556,0.0,1
1991,3,1,-1,6.204545871559301,19.337147621630503,0.0,1
1992,4,1,-1,4.498730235843338,17.903365861669922,0.0,1
1993,5,1,-1,9.48107201142739,18.65729934873681,0.0,1
1994,6,1,-1,10.308322887561545,16.27643785705674,0.0,1
1995,0,1,-1,9.40420006466739,17.4760179191989,0.0,1
1996,1,1,-1,7.363765662583861,15.853604555187529,0.0,1
1997,2,1,-1,6.111551283054961,9.802886127092659,0.0,1
1998,3,1,-1,6.396794970433555,10.249219819730543,0.0,1
1999,4,1,-1,5.063761387441972,9.195188325354332,0.0,1
2000,5,1,0,20.491283698921556,8.536056125188784,0.0,1
2001,6,1,0,19.337147621630503,7.0899654365943245,0.0,1
2002,0,1,0,17.903365861669922,5.3714848662475605,0.0,1
2003,1,1,0,18.65729934873681,4.9223476672234305,0.0,1
2004,2,1,0,16.27643785705674,9.952672063942787,0.0,1
2005,3,1,0,17.4760179191989,9.880841265503305,0.0,1
2006,4,1,0,15.853604555187529,8.357191055943995,0.0,1
2007,5,1,-1,9.802886127092659,6.705634082110669,0.0,1
2008,6,1,-1,10.249219819730543,6.064273629892789,0.0,1
2009,0,1,-1,9.195188325354332,5.059056786355014,0.0,1
2010,1,1,-1,8.536056125188784,6.235122505245491,0.0,1
2011,2,2,-1,7.0899654365943245,10.756517946107076,0.0,1
2012,3,2,-1,5.3714848662475605,10.344315768734864,0.0,1
2013,4,2,-1,4.9223476672234305,9.315670345763323,0.0,1
2014,5,2,-1,9.952672063942787,6.625363589399205,0.0,1
2015,6,2,-1,9.880841265503305,5.771933359308164,0.0,1
2016,0,2,-1,8.357191055943995,5.516899704336988,0.0,1
2017,1,2,-1,6.705634082110669,4.677855634265468,0.0,1
2018,2,2,-1,6.064273629892789,11.784467050269992,0.0,1
2019,3,2,-1,5.059056786355014,10.336257836762352,0.0,1
2020,4,2,-1,6.235122505245491,8.716289574914962,0.0,1
2021,5,2,-1,10.756517946107076,8.59472215628689,0.0,1
2022,6,2,-1,10.344315768734864,8.1825354502223,0.0,1
2023,0,2,-1,9.315670345763323,5.584302490802438,0.0,1
2024,1,2,-1,6.625363589399205,3.330743833396264,0.0,1
2025,2,2,-1,5.771933359308164,8.09920805842648,0.0,1
2026,3,2,-1,5.516899704336988,10.08885250827438,0.0,1
2027,4,2,-1,4.677855634265468,8.568645630669343,0.0,1
2028,5,2,-1,11.784467050269992,8.741401959200822,0.0,1
2029,6,2,-1,10.336257836762352,6.88574356880769,0.0,1
2030,0,2,-1,8.716289574914962,4.787724577741747,0.0,1
2031,1,3,-1,8.59472215628689,3.0586043290090332,0.0,1
2032,2,3,-1,8.1825354502223,10.503378197760943,0.0,1
2033,3,3,-1,5.584302490802438,10.365137591956184,0.0,1
2034,4,3,-1,3.330743833396264,9.26130675684305,0.0,1
2035,5,3,-1,8.09920805842648,6.988706455134384,0.0,1
2036,6,3,-1,10.08885250827438,7.381703744201547,0.0,1
2037,0,3,-1,8.568645630669343,5.6362239444531905,0.0,1
2038,1,3,-1,8.741401959200822,4.9143858113997085,0.0,1
2039,2,3,-1,6.88574356880769,10.207248310258452,0.0,1
2040,3,3,-1,4.787724577741747,9.865142732136698,0.0,1
2041,4,4,-1,3.0586043290090332,8.801929525166626,0.0,1
2042,5,4,-1,10.503378197760943,8.54359731904531,0.0,1
2043,6,4,-1,10.365137591956184,6.609121547960102,0.0,1
2044,0,4,-1,9.26130675684305,6.041559622670203,0.0,1
2045,1,4,-1,6.988706455134384,5.416645540984907,0.0,1
2046,2,4,-1,7.381703744201547,9.638159321888702,0.0,1
2047,3,4,-1,5.6362239444531905,7.912344720134966,0.0,1
2048,4,4,-1,4.9143858113997085,8.611111113275124,0.0,1
2049,5,4,-1,10.207248310258452,7.794426054521087,0.0,1
2050,6,4,-1,9.865142732136698,6.549363076125371,0.0,1
2051,0,4,-1,8.801929525166626,6.044378894619652,0.0,1
2052,1,4,-1,8.54359731904531,6.037482675112694,0.0,1
2053,2,4,-1,6.609121547960102,10.14812595047543,0.0,1
2054,3,4,-1,6.041559622670203,9.547815694819363,0.0,1
2055,4,4,-1,5.416645540984907,8.837528090345966,0.0,1
2056,5,4,-1,9.638159321888702,8.73474284248085,0.0,1
2057,6,4,-1,7.912344720134966,5.226367167725704,0.0,1
2058,0,4,-1,8.611111113275124,5.087962536516049,0.0,1
2059,1,4,-1,7.794426054521087,4.16263935034614,0.0,1
2060,2,4,-1,6.549363076125371,9.829257774425056,0.0,1
2061,3,4,-1,6.044378894619652,8.598074330718427,0.0,1
2062,4,4,-1,6.037482675112694,7.054951930825003,0.0,1
2063,5,4,-1,10.14812595047543,7.642966089101681,0.0,1
2064,6,4,-1,9.547815694819363,8.041439640472246,0.0,1
2065,0,4,-1,8.837528090345966,4.512789902583673,0.0,1
2066,1,4,-1,8.73474284248085,5.243831963791106,0.0,1
2067,2,4,-1,5.226367167725704,9.924405851506904,0.0,1
2068,3,4,-1,5.087962536516049,9.118101342070332,0.0,1
2069,4,4,-1,4.16263935034614,9.148683071695253,0.0,1
2070,5,4,-1,9.829257774425056,8.790548530161029,0.0,1
2071,6,4,-1,8.598074330718427,6.903720179782041,0.0,1
2072,0,4,-1,7.054951930825003,5.449744968725844,0.0,1
2073,1,4,-1,7.642966089101681,6.169747323911415,0.0,1
2074,2,0,-1,8.041439640472246,10.57018402300655,0.0,1
2075,3,0,-1,4.512789902583673,8.271996107821192,0.0,1
2076,4,0,-1,5.243831963791106,8.555473401264319,0.0,1
2077,5,0,-1,9.924405851506904,6.342850512340534,0.0,1
2078,6,0,-1,9.118101342070332,6.298385902042187,0.0,1
2079,0,0,-1,9.148683071695253,6.731556382284209,0.0,1
2080,1,0,-1,8.790548530161029,2.3959660097125295,0.0,1
2081,2,0,-1,6.903720179782041,7.135936392781949,0.0,1
2082,3,0,-1,5.449744968725844,9.906609008029804,0.0,1
2083,4,0,-1,6.169747323911415,7.486409248121891,0.0,1
2084,5,0,-1,10.57018402300655,7.528196786822502,0.0,1
2085,6,0,-1,8.271996107821192,7.9818393642663406,0.0,1
2086,0,0,-1,8.555473401264319,5.8297363245115745,0.0,1
2087,1,0,-1,6.342850512340534,3.207858753159474,0.0,1
2088,2,0,-1,6.298385902042187,11.32510589054248,0.0,1
2089,3,0,-1,6.731556382284209,8.876573896597456,0.0,1
2090,4,0,-1,2.3959660097125295,19.267425823629136,0.0,1
2091,5,0,-1,7.135936392781949,15.096716138412699,0.0,1
2092,6,0,-1,9.906609008029804,18.183154852417253,0.0,1
2093,0,0,-1,7.486409248121891,14.131104482134909,0.0,1
2094,1,0,-1,7.528196786822502,13.973499708494863,0.0,1
2095,2,0,-1,7.9818393642663406,17.073496250817545,0.0,1
2096,3,0,-1,5.8297363245115745,17.045254000937405,0.0,1
2097,4,0,-1,3.207858753159474,7.712870988323654,0.0,1
2098,5,0,-1,11.32510589054248,7.6079973005633645,0.0,1
2099,6,0,-1,8.876573896597456,6.363429540350659,0.0,1
2100,0,0,0,19.267425823629136,5.447060026132092,0.0,1
2101,1,0,0,15.096716138412699,5.841735003370781,0.0,1
2102,2,0,0,18.183154852417253,10.510488705279997,0.0,1
2103,3,0,0,14.131104482134909,6.394624900351485,0.0,1
2104,4,0,0,13.973499708494863,8.6404931364626,0.0,1
2105,5,1,0,17.073496250817545,6.408441118064316,0.0,1
2106,6,1,0,17.045254000937405,6.316903608256582,0.0,1
2107,0,1,-1,7.712870988323654,4.584998402565294,0.0,1
2108,1,1,-1,7.6079973005633645,5.284663640697665,0.0,1
2109,2,1,-1,6.363429540350659,6.8812227529778465,0.0,1
2110,3,1,-1,5.447060026132092,9.378596307442672,0.0,1
2111,4,1,-1,5.841735003370781,7.328454788347379,0.0,1
2112,5,1,-1,10.510488705279997,7.633418930364512,0.0,1
2113,6,1,-1,6.394624900351485,6.69923273932162,0.0,1
2114,0,1,-1,8.6404931364626,4.571850849700269,0.0,1
2115,1,1,-1,6.408441118064316,4.796596599698797,0.0,1
2116,2,1,-1,6.316903608256582,8.97864462649886,0.0,1
2117,3,1,-1,4.584998402565294,7.764660897070337,0.0,1
2118,4,1,-1,5.284663640697665,7.892711773942924,0.0,1
2119,5,1,-1,6.8812227529778465,7.00623438619858,0.0,1
2120,6,1,-1,9.378596307442672,6.519987452062511,0.0,1
2121,0,1,-1,7.328454788347379,5.3383852267889536,0.0,1
2122,1,1,-1,7.633418930364512,4.38243164456706,0.0,1
2123,2,1,-1,6.69923273932162,8.294947016151138,0.0,1
2124,3,1,-1,4.571850849700269,8.163789454111056,0.0,1
2125,4,1,-1,4.796596599698797,7.060368396286855,0.0,1
2126,5,1,-1,8.97864462649886,7.188085841083331,0.0,1
2127,6,1,-1,7.764660897070337,6.422565977233005,0.0,1
2128,0,1,-1,7.892711773942924,3.952836784258465,0.0,1
2129,1,1,-1,7.00623438619858,5.124550657684559,0.0,1
2130,2,1,-1,6.519987452062511,9.023852683104337,0.0,1
2131,3,1,-1,5.3383852267889536,7.164397751818877,0.0,1
2132,4,1,-1,4.38243164456706,9.453061224819756,0.0,1
2133,5,2,-1,8.294947016151138,6.510424869626234,0.0,1
2134,6,2,-1,8.163789454111056,6.865835869287756,0.0,1
2135,0,2,-1,7.060368396286855,6.679500441297882,0.0,1
2136,1,2,-1,7.188085841083331,4.0199759070365335,0.0,1
2137,2,2,-1,6.422565977233005,7.421791829991797,0.0,1
2138,3,2,-1,3.952836784258465,9.661644686842426,0.0,1
2139,4,2,-1,5.124550657684559,7.9029750302494834,0.0,1
2140,5,2,-1,9.023852683104337,7.357811649450145,0.0,1
2141,6,2,-1,7.164397751818877,6.357204037518028,0.0,1
2142,0,2,-1,9.453061224819756,4.409124122528066,0.0,1
2143,1,2,-1,6.510424869626234,5.145309585662417,0.0,1
2144,2,2,-1,6.865835869287756,8.33498490449362,0.0,1
2145,3,2,-1,6.679500441297882,8.695357274190517,0.0,1
2146,4,2,-1,4.0199759070365335,9.075068596199149,0.0,1
2147,5,2,-1,7.421791829991797,6.328480625077479,0.0,1
2148,6,2,-1,9.661644686842426,6.064723356580885,0.0,1
2149,0,2,-1,7.9029750302494834,5.911462263584214,0.0,1
2150,1,2,-1,7.357811649450145,4.91042244841225,0.0,1
2151,2,2,-1,6.357204037518028,8.815250389812372,0.0,1
2152,3,2,-1,4.409124122528066,8.441653707698784,0.0,1
2153,4,3,-1,5.145309585662417,7.7316685753758065,0.0,1
2154,5,3,-1,8.33498490449362,5.780515544191728,0.0,1
2155,6,3,-1,8.695357274190517,4.241794727468738,0.0,1
2156,0,3,-1,9.075068596199149,4.9053760932181145,0.0,1
2157,1,3,-1,6.328480625077479,3.360807783978436,0.0,1
2158,2,3,-1,6.064723356580885,8.159602062450924,0.0,1
2159,3,3,-1,5.911462263584214,8.37600151362768,0.0,1
2160,4,3,-1,4.91042244841225,7.273558590883091,0.0,1
2161,5,3,-1,8.815250389812372,7.853160825698189,0.0,1
2162,6,3,-1,8.441653707698784,6.095632821702968,0.0,1
2163,0,4,-1,7.7316685753758065,4.22627145049738,0.0,1
2164,1,4,-1,5.780515544191728,4.730783649449473,0.0,1
2165,2,4,-1,4.241794727468738,5.780972752515632,0.0,1
2166,3,4,-1,4.9053760932181145,9.063071016853037,0.0,1
2167,4,4,-1,3.360807783978436,7.348827035700869,0.0,1
2168,5,4,-1,8.159602062450924,6.779483728929667,0.0,1
2169,6,4,-1,8.37600151362768,5.454380235712582,0.0,1
2170,0,4,-1,7.273558590883091,4.027879409596181,0.0,1
2171,1,4,-1,7.853160825698189,2.688094327679763,0.0,1
2172,2,4,-1,6.095632821702968,7.14409925115777,0.0,1
2173,3,4,-1,4.22627145049738,9.453121857830313,0.0,1
2174,4,4,-1,4.730783649449473,6.746457985434743,0.0,1
2175,5,4,-1,5.780972752515632,6.006584663975514,0.0,1
2176,6,4,-1,9.063071016853037,5.237829085059527,0.0,1
2177,0,4,-1,7.348827035700869,5.321661057501401,0.0,1
2178,1,4,-1,6.779483728929667,1.86180630755499,0.0,1
2179,2,4,-1,5.454380235712582,7.124223763412381,0.0,1
2180,3,4,-1,4.027879409596181,7.511060883282558,0.0,1
2181,4,4,-1,2.688094327679763,5.427543641051184,0.0,1
2182,5,4,-1,7.14409925115777,5.6818436429919394,0.0,1
2183,6,4,-1,9.453121857830313,6.021139508894329,0.0,1
2184,0,4,-1,6.746457985434743,6.807615142171578,0.0,1
2185,1,4,-1,6.006584663975514,4.610325683236798,0.0,1
2186,2,4,-1,5.237829085059527,8.925073112902286,0.0,1
2187,3,4,-1,5.321661057501401,7.732386276834135,0.0,1
2188,4,4,-1,1.86180630755499,5.452188003887894,0.0,1
2189,5,4,-1,7.124223763412381,7.951563037020284,0.0,1
2190,6,4,-1,7.511060883282558,15.409854324513018,0.0,1
2191,0,4,-1,5.427543641051184,14.485145326624547,0.0,1
2192,1,4,-1,5.6818436429919394,13.20770144024989,0.0,1
2193,2,4,-1,6.021139508894329,17.742675342684947,0.0,1
2194,3,4,-1,6.807615142171578,17.819761838633156,0.0,1
2195,4,4,-1,4.610325683236798,16.42959356979415,0.0,1
2196,5,0,-1,8.925073112902286,15.321537874026632,0.0,1
2197,6,0,-1,7.732386276834135,4.448006642628004,0.0,1
2198,0,0,-1,5.452188003887894,5.469149690051702,0.0,1
2199,1,0,-1,7.951563037020284,3.144819483644759,0.0,1
2200,2,0,0,15.409854324513018,6.734049697054613,0.0,1
2201,3,0,0,14.485145326624547,5.951324308672014,0.0,1
2202,4,0,0,13.20770144024989,6.329635060116941,0.0,1
2203,5,0,0,17.742675342684947,4.480652473691907,0.0,1
2204,6,0,0,17.819761838633156,4.550630321171132,0.0,1
2205,0,0,0,16.42959356979415,5.3798818274597675,0.0,1
2206,1,0,0,15.321537874026632,3.0097235087713186,0.0,1
2207,2,0,-1,4.448006642628004,8.931703212978237,0.0,1
2208,3,0,-1,5.469149690051702,7.246959158110708,0.0,1
2209,4,0,-1,3.144819483644759,4.788673156764509,0.0,1
2210,5,0,-1,6.734049697054613,7.83984936640986,0.0,1
2211,6,0,-1,5.951324308672014,4.147978992080031,0.0,1
2212,0,0,-1,6.329635060116941,4.87927136240572,0.0,1
2213,1,0,-1,4.480652473691907,3.862432532497651,0.0,1
2214,2,0,-1,4.550630321171132,6.649004612965776,0.0,1
2215,3,0,-1,5.3798818274597675,5.453823478159882,0.0,1
2216,4,0,-1,3.0097235087713186,5.714557381653929,0.0,1
2217,5,0,-1,8.931703212978237,5.042192057068198,0.0,1
2218,6,0,-1,7.246959158110708,3.20930649996252,0.0,1
2219,0,0,-1,4.788673156764509,3.1493301753442253,0.0,1
2220,1,0,-1,7.83984936640986,4.114757348410219,0.0,1
2221,2,0,-1,4.147978992080031,6.6707586510973,0.0,1
2222,3,0,-1,4.87927136240572,7.813797084927761,0.0,1
2223,4,0,-1,3.862432532497651,7.521810753430094,0.0,1
2224,5,0,-1,6.649004612965776,5.2704986925666635,0.0,1
2225,6,0,-1,5.453823478159882,6.806093571024181,0.0,1
2226,0,0,-1,5.714557381653929,3.9819041807363007,0.0,1
2227,1,1,-1,5.042192057068198,3.677913516654364,0.0,1
2228,2,1,-1,3.20930649996252,7.356887816685979,0.0,1
2229,3,1,-1,3.1493301753442253,7.7834988541152,0.0,1
2230,4,1,-1,4.114757348410219,6.410881957727046,0.0,1
2231,5,1,-1,6.6707586510973,5.900364554811645,0.0,1
2232,6,1,-1,7.813797084927761,6.0386019807560025,0.0,1
2233,0,1,-1,7.521810753430094,1.7917802244865122,0.0,1
2234,1,1,-1,5.2704986925666635,3.201684006531767,0.0,1
2235,2,1,-1,6.806093571024181,7.153317492027125,0.0,1
2236,3,1,-1,3.9819041807363007,6.144088386135524,0.0,1
2237,4,1,-1,3.677913516654364,5.329134522362971,0.0,1
2238,5,1,-1,7.356887816685979,5.616271309436905,0.0,1
2239,6,1,-1,7.7834988541152,3.107542460808835,0.0,1
2240,0,1,-1,6.410881957727046,3.7834371658446035,0.0,1
2241,1,1,-1,5.900364554811645,3.906111551871663,0.0,1
2242,2,1,-1,6.0386019807560025,5.424083449076314,0.0,1
2243,3,1,-1,1.7917802244865122,7.218065207676084,0.0,1
2244,4,1,-1,3.201684006531767,5.117443230236429,0.0,1
2245,5,1,-1,7.153317492027125,4.962605183228554,0.0,1
2246,6,1,-1,6.144088386135524,3.667096391484862,0.0,1
2247,0,1,-1,5.329134522362971,2.7154888651217117,0.0,1
2248,1,1,-1,5.616271309436905,2.966504061832477,0.0,1
2249,2,1,-1,3.107542460808835,5.93234812786365,0.0,1
2250,3,1,-1,3.7834371658446035,6.018000902260741,0.0,1
2251,4,1,-1,3.906111551871663,4.5432675434496455,0.0,1
2252,5,1,-1,5.424083449076314,4.048472549188689,0.0,1
2253,6,1,-1,7.218065207676084,4.050728287301501,0.0,1
2254,0,1,-1,5.117443230236429,4.606427498863162,0.0,1
2255,1,2,-1,4.962605183228554,2.513782844781176,0.0,1
2256,2,2,-1,3.667096391484862,6.562679997385725,0.0,1
2257,3,2,-1,2.7154888651217117,7.154898153705912,0.0,1
2258,4,2,-1,2.966504061832477,5.604223495196604,0.0,1
2259,5,2,-1,5.93234812786365,4.595374623396039,0.0,1
2260,6,2,-1,6.018000902260741,3.32579638075887,0.0,1
2261,0,2,-1,4.5432675434496455,4.31847611592407,0.0,1
2262,1,2,-1,4.048472549188689,4.1410167057553835,0.0,1
2263,2,2,-1,4.050728287301501,6.332347882592285,0.0,1
2264,3,2,-1,4.606427498863162,5.589237656794505,0.0,1
2265,4,2,-1,2.513782844781176,5.854790913871103,0.0,1
2266,5,2,-1,6.562679997385725,2.375079242859037,0.0,1
2267,6,2,-1,7.154898153705912,3.999341514855219,0.0,1
2268,0,2,-1,5.604223495196604,4.726249217496715,0.0,1
2269,1,2,-1,4.595374623396039,3.6966277930217575,0.0,1
2270,2,2,-1,3.32579638075887,4.0094698519423515,0.0,1
2271,3,2,-1,4.31847611592407,6.984624539229816,0.0,1
2272,4,2,-1,4.1410167057553835,5.041522838456052,0.0,1
2273,5,2,-1,6.332347882592285,3.0321796437932953,0.0,1
2274,6,2,-1,5.589237656794505,4.409375731739662,0.0,1
2275,0,3,-1,5.854790913871103,5.688142422326403,0.0,1
2276,1,3,-1,2.375079242859037,3.096956543790467,0.0,1
2277,2,3,-1,3.999341514855219,5.3680713433577845,0.0,1
2278,3,3,-1,4.726249217496715,5.281501135422082,0.0,1
2279,4,3,-1,3.6966277930217575,5.215960566661047,0.0,1
2280,5,3,-1,4.0094698519423515,3.2058508451105308,0.0,1
2281,6,3,-1,6.984624539229816,1.862623296374951,0.0,1
2282,0,3,-1,5.041522838456052,1.604504700411802,0.0,1
2283,1,3,-1,3.0321796437932953,3.3405582350500884,0.0,1
2284,2,3,-1,4.409375731739662,6.669045399346394,0.0,1
2285,3,4,-1,5.688142422326403,2.8354394974758343,0.0,1
2286,4,4,-1,3.096956543790467,3.7080973750822297,0.0,1
2287,5,4,-1,5.3680713433577845,3.0710428474765563,0.0,1
2288,6,4,-1,5.281501135422082,3.7912435253136354,0.0,1
2289,0,4,-1,5.215960566661047,0.9056357188451436,0.0,1
2290,1,4,-1,3.2058508451105308,13.57911089832261,0.0,1
2291,2,4,-1,1.862623296374951,15.99249838129827,0.0,1
2292,3,4,-1,1.604504700411802,14.161696419797753,0.0,1
2293,4,4,-1,3.3405582350500884,13.926544167961335,0.0,1
2294,5,4,-1,6.669045399346394,14.095117957566536,0.0,1
2295,6,4,-1,2.8354394974758343,15.33471889173016,0.0,1
2296,0,4,-1,3.7080973750822297,13.441362707967496,0.0,1
2297,1,4,-1,3.0710428474765563,4.10588201746542,0.0,1
2298,2,4,-1,3.7912435253136354,4.406276859327598,0.0,1
2299,3,4,-1,0.9056357188451436,3.08727999796013,0.0,1
2300,4,4,0,13.57911089832261,6.327114545640889,0.0,1
2301,5,4,0,15.99249838129827,2.384817654883564,0.0,1
2302,6,4,0,14.161696419797753,2.2507568649987437,0.0,1
2303,0,4,0,13.926544167961335,1.1750121663300852,0.0,1
2304,1,4,0,14.095117957566536,2.047815168508681,0.0,1
2305,2,4,0,15.33471889173016,5.8279195339441685,0.0,1
2306,3,4,0,13.441362707967496,3.2976191020141314,0.0,1
2307,4,4,-1,4.10588201746542,3.436003908536528,0.0,1
2308,5,4,-1,4.406276859327598,3.4248769624448534,0.0,1
2309,6,4,-1,3.08727999796013,2.2693960105707216,0.0,1
2310,0,4,-1,6.327114545640889,2.837412891174625,0.0,1
2311,1,4,-1,2.384817654883564,2.444218178737243,0.0,1
2312,2,4,-1,2.2507568649987437,5.265164908098197,0.0,1
2313,3,4,-1,1.1750121663300852,4.68293458429658,0.0,1
2314,4,4,-1,2.047815168508681,3.4426263822587564,0.0,1
2315,5,4,-1,5.8279195339441685,3.974293726233666,0.0,1
2316,6,4,-1,3.2976191020141314,3.5844922699312654,0.0,1
2317,0,4,-1,3.436003908536528,0.23730336775087668,0.0,1
2318,1,0,-1,3.4248769624448534,1.371636693407286,0.0,1
2319,2,0,-1,2.2693960105707216,4.684488756493989,0.0,1
2320,3,0,-1,2.837412891174625,5.037578659064791,0.0,1
2321,4,0,-1,2.444218178737243,1.4758832266855753,0.0,1
2322,5,0,-1,5.265164908098197,1.442980125222761,0.0,1
2323,6,0,-1,4.68293458429658,4.877376030439406,0.0,1
2324,0,0,-1,3.4426263822587564,1.9716119020283824,0.0,1
2325,1,0,-1,3.974293726233666,1.0869166863119653,0.0,1
2326,2,0,-1,3.5844922699312654,3.9865447594624146,0.0,1
2327,3,0,-1,0.23730336775087668,3.3500766273686535,0.0,1
2328,4,0,-1,1.371636693407286,4.387825008915669,0.0,1
2329,5,0,-1,4.684488756493989,4.3527951734966415,0.0,1
2330,6,0,-1,5.037578659064791,4.425553999736826,0.0,1
2331,0,0,-1,1.4758832266855753,3.2462268756506663,0.0,1
2332,1,0,-1,1.442980125222761,1.5639717059530478,0.0,1
2333,2,0,-1,4.877376030439406,4.402853883518503,0.0,1
2334,3,0,-1,1.9716119020283824,4.930367787726086,0.0,1
2335,4,0,-1,1.0869166863119653,3.866423996112418,0.0,1
2336,5,0,-1,3.9865447594624146,3.18923840832812,0.0,1
2337,6,0,-1,3.3500766273686535,1.9952653820705915,0.0,1
2338,0,0,-1,4.387825008915669,1.5624867038877455,0.0,1
2339,1,0,-1,4.3527951734966415,2.463988577985893,0.0,1
2340,2,0,-1,4.425553999736826,3.3753241430636165,0.0,1
2341,3,0,-1,3.2462268756506663,4.334973486001191,0.0,1
2342,4,0,-1,1.5639717059530478,2.358036712502644,0.0,1
2343,5,0,-1,4.402853883518503,1.8725660010080014,0.0,1
2344,6,0,-1,4.930367787726086,2.0056136426836595,0.0,1
2345,0,0,-1,3.866423996112418,1.3616824288131864,0.0,1
2346,1,0,-1,3.18923840832812,2.525733884633227,0.0,1
2347,2,0,-1,1.9952653820705915,3.356409486043183,0.0,1
2348,3,0,-1,1.5624867038877455,4.0927549992888945,0.0,1
2349,4,1,-1,2.463988577985893,2.479878531365641,0.0,1
2350,5,1,-1,3.3753241430636165,2.3256732199990795,0.0,1
2351,6,1,-1,4.334973486001191,3.6174588094689213,0.0,1
2352,0,1,-1,2.358036712502644,1.365194830043016,0.0,1
2353,1,1,-1,1.8725660010080014,0.10014276063822303,0.0,1
2354,2,1,-1,2.0056136426836595,2.447825364727901,0.0,1
2355,3,1,-1,1.3616824288131864,3.5966550723149946,0.0,1
2356,4,1,-1,2.525733884633227,3.703154115025801,0.0,1
2357,5,1,-1,3.356409486043183,2.3015482809125336,0.0,1
2358,6,1,-1,4.0927549992888945,1.4068546015543955,0.0,1
2359,0,1,-1,2.479878531365641,2.7956463294779237,0.0,1
2360,1,1,-1,2.3256732199990795,-0.1763732896460184,0.0,1
2361,2,1,-1,3.6174588094689213,2.7416228570423646,0.0,1
2362,3,1,-1,1.365194830043016,2.686983298942588,0.0,1
2363,4,1,-1,0.10014276063822303,1.590200217653047,0.0,1
2364,5,1,-1,2.447825364727901,1.9738632117109658,0.0,1
2365,6,1,-1,3.5966550723149946,0.9225440704806542,0.0,1
2366,0,1,-1,3.703154115025801,2.7395668499539365,0.0,1
2367,1,1,-1,2.3015482809125336,2.342505800502511,0.0,1
2368,2,1,-1,1.4068546015543955,2.7641285881178104,0.0,1
2369,3,1,-1,2.7956463294779237,4.185605654350961,0.0,1
2370,4,1,-1,-0.1763732896460184,3.624582142691777,0.0,1
2371,5,1,-1,2.7416228570423646,1.5707417820761633,0.0,1
2372,6,1,-1,2.686983298942588,1.002986613025086,0.0,1
2373,0,1,-1,1.590200217653047,1.3982714886592833,0.0,1
2374,1,1,-1,1.9738632117109658,1.344510225851862,0.0,1
2375,2,1,-1,0.9225440704806542,2.8564943712923783,0.0,1
2376,3,1,-1,2.7395668499539365,2.6073573462835418,0.0,1
2377,4,2,-1,2.342505800502511,-0.03885804163030393,0.0,1
2378,5,2,-1,2.7641285881178104,1.4570159562081884,0.0,1
2379,6,2,-1,4.185605654350961,3.404325366779461,0.0,1
2380,0,2,-1,3.624582142691777,2.396739137204065,0.0,1
2381,1,2,-1,1.5707417820761633,4.257144579104255,0.0,1
2382,2,2,-1,1.002986613025086,1.9252930065873484,0.0,1
2383,3,2,-1,1.3982714886592833,3.2198792138844334,0.0,1
2384,4,2,-1,1.344510225851862,1.72890660449705,0.0,1
2385,5,2,-1,2.8564943712923783,1.9376236648968581,0.0,1
2386,6,2,-1,2.6073573462835418,1.5980077527347953,0.0,1
2387,0,2,-1,-0.03885804163030393,0.4520264341833512,0.0,1
2388,1,2,-1,1.4570159562081884,2.0505279680354898,0.0,1
2389,2,2,-1,3.404325366779461,1.50059663933397,0.0,1
2390,3,2,-1,2.396739137204065,11.072513675742002,0.0,1
2391,4,2,-1,4.257144579104255,13.209768582017471,0.0,1
2392,5,2,-1,1.9252930065873484,10.250111271489864,0.0,1
2393,6,2,-1,3.2198792138844334,11.061256323251426,0.0,1
2394,0,2,-1,1.72890660449705,10.8581500007721,0.0,1
2395,1,2,-1,1.9376236648968581,11.828328788409666,0.0,1
2396,2,2,-1,1.5980077527347953,12.519832375343995,0.0,1
2397,3,3,-1,0.4520264341833512,1.9757954555504396,0.0,1
2398,4,3,-1,2.0505279680354898,0.8485617754169499,0.0,1
2399,5,3,-1,1.50059663933397,0.8819596133915937,0.0,1
2400,6,3,0,11.072513675742002,1.3375158137931251,0.0,1
2401,0,3,0,13.209768582017471,0.6670340625555311,0.0,1
2402,1,3,0,10.250111271489864,1.441165790730397,0.0,1
2403,2,3,0,11.061256323251426,1.1027948196168957,0.0,1
2404,3,3,0,10.8581500007721,1.3856103652300429,0.0,1
2405,4,3,0,11.828328788409666,2.4219363030295162,0.0,1
2406,5,3,0,12.519832375343995,1.8330430073301107,0.0,1
2407,6,4,-1,1.9757954555504396,1.1149114792209687,0.0,1
2408,0,4,-1,0.8485617754169499,1.2194268272607829,0.0,1
2409,1,4,-1,0.8819596133915937,-0.34503855647983617,0.0,1
2410,2,4,-1,1.3375158137931251,0.7626609097922007,0.0,1
2411,3,4,-1,0.6670340625555311,2.8220828249805257,0.0,1
2412,4,4,-1,1.441165790730397,0.17845130907943707,0.0,1
2413,5,4,-1,1.1027948196168957,1.587780418897327,0.0,1
2414,6,4,-1,1.3856103652300429,2.6567459278304684,0.0,1
2415,0,4,-1,2.4219363030295162,1.4882160024270652,0.0,1
2416,1,4,-1,1.8330430073301107,-1.0963080580214244,0.0,1
2417,2,4,-1,1.1149114792209687,0.43523947877408764,0.0,1
2418,3,4,-1,1.2194268272607829,0.7745128932374106,0.0,1
2419,4,4,-1,-0.34503855647983617,0.9579019360839948,0.0,1
2420,5,4,-1,0.7626609097922007,0.7467146633044757,0.0,1
2421,6,4,-1,2.8220828249805257,1.526365442679627,0.0,1
2422,0,4,-1,0.17845130907943707,0.10613209263660295,0.0,1
2423,1,4,-1,1.587780418897327,0.8373488198705243,0.0,1
2424,2,4,-1,2.6567459278304684,1.249609441486843,0.0,1
2425,3,4,-1,1.4882160024270652,0.7702243938604739,0.0,1
2426,4,4,-1,-1.0963080580214244,-0.06891186078307254,0.0,1
2427,5,4,-1,0.43523947877408764,0.3402636426389631,0.0,1
2428,6,4,-1,0.7745128932374106,-1.0197152986313212,0.0,1
2429,0,4,-1,0.9579019360839948,1.735835965776165,0.0,1
2430,1,4,-1,0.7467146633044757,0.476283839698668,0.0,1
2431,2,4,-1,1.526365442679627,-0.5434806907446239,0.0,1
2432,3,4,-1,0.10613209263660295,0.575789034700752,0.0,1
2433,4,4,-1,0.8373488198705243,0.6992633751793118,0.0,1
2434,5,4,-1,1.249609441486843,2.021317843502722,0.0,1
2435,6,4,-1,0.7702243938604739,0.09896487331760756,0.0,1
2436,0,4,-1,-0.06891186078307254,2.1252004464663146,0.0,1
2437,1,4,-1,0.3402636426389631,-0.0955033553473319,0.0,1
2438,2,4,-1,-1.0197152986313212,1.1329371909017414,0.0,1
2439,3,4,-1,1.735835965776165,-1.0694637575737813,0.0,1
2440,4,0,-1,0.476283839698668,1.0224178704035243,0.0,1
2441,5,0,-1,-0.5434806907446239,-0.15597768330688033,0.0,1
2442,6,0,-1,0.575789034700752,1.3510508846490739,0.0,1
2443,0,0,-1,0.6992633751793118,0.4269890860557467,0.0,1
2444,1,0,-1,2.021317843502722,1.6080696042177844,0.0,1
2445,2,0,-1,0.09896487331760756,-1.0892587156836255,0.0,1
2446,3,0,-1,2.1252004464663146,1.244515141397484,0.0,1
2447,4,0,-1,-0.0955033553473319,2.102003856362587,0.0,1
2448,5,0,-1,1.1329371909017414,0.6902868060666556,0.0,1
2449,6,0,-1,-1.0694637575737813,0.7673390418878374,0.0,1
2450,0,0,-1,1.0224178704035243,-1.227724327881472,0.0,1
2451,1,0,-1,-0.15597768330688033,-1.2201492646575474,0.0,1
2452,2,0,-1,1.3510508846490739,2.276773430035286,0.0,1
2453,3,0,-1,0.4269890860557467,0.7156452400887842,0.0,1
2454,4,0,-1,1.6080696042177844,-0.40096951499767947,0.0,1
2455,5,0,-1,-1.0892587156836255,0.6238325700404068,0.0,1
2456,6,0,-1,1.244515141397484,0.14351927715786492,0.0,1
2457,0,0,-1,2.102003856362587,0.7192337874183563,0.0,1
2458,1,0,-1,0.6902868060666556,0.9756520405888883,0.0,1
2459,2,0,-1,0.7673390418878374,-0.21692679552896962,0.0,1
2460,3,0,-1,-1.227724327881472,-1.7458465044650353,0.0,1
2461,4,0,-1,-1.2201492646575474,-1.9573622339308248,0.0,1
2462,5,0,-1,2.276773430035286,-0.4710664167746448,0.0,1
2463,6,0,-1,0.7156452400887842,0.3899518020940646,0.0,1
2464,0,0,-1,-0.40096951499767947,-0.5385995518048694,0.0,1
2465,1,0,-1,0.6238325700404068,-2.0057006727244233,0.0,1
2466,2,0,-1,0.14351927715786492,0.9573570108785223,0.0,1
2467,3,0,-1,0.7192337874183563,0.20607100276124757,0.0,1
2468,4,0,-1,0.9756520405888883,-0.37169762781995885,0.0,1
2469,5,0,-1,-0.21692679552896962,-0.6665019366341522,0.0,1
2470,6,0,-1,-1.7458465044650353,-0.08390120495197817,0.0,1
2471,0,1,-1,-1.9573622339308248,-0.8063920949124224,0.0,1
2472,1,1,-1,-0.4710664167746448,0.6422649193160059,0.0,1
2473,2,1,-1,0.3899518020940646,-0.5883878759848868,0.0,1
2474,3,1,-1,-0.5385995518048694,-0.7175670215094611,0.0,1
2475,4,1,-1,-2.0057006727244233,0.21103280021501658,0.0,1
2476,5,1,-1,0.9573570108785223,0.9364165082698183,0.0,1
2477,6,1,-1,0.20607100276124757,0.01998239880046332,0.0,1
2478,0,1,-1,-0.37169762781995885,-0.8972118386590253,0.0,1
2479,1,1,-1,-0.6665019366341522,-1.0018351251056137,0.0,1
2480,2,1,-1,-0.08390120495197817,0.5938671191879017,0.0,1
2481,3,1,-1,-0.8063920949124224,-1.069180547171682,0.0,1
2482,4,1,-1,0.6422649193160059,-1.1426881281844095,0.0,1
2483,5,1,-1,-0.5883878759848868,-0.276044402532959,0.0,1
2484,6,1,-1,-0.7175670215094611,0.2231966719806101,0.0,1
2485,0,1,-1,0.21103280021501658,-0.702110999319659,0.0,1
2486,1,1,-1,0.9364165082698183,-0.5262288589027814,0.0,1
2487,2,1,-1,0.01998239880046332,0.480965054490596,0.0,1
2488,3,1,-1,-0.8972118386590253,0.3378964820633439,0.0,1
2489,4,1,-1,-1.0018351251056137,-0.21351798330853844,0.0,1
2490,5,1,-1,0.5938671191879017,9.92351649520845,0.0,1
2491,6,1,-1,-1.069180547171682,10.094069150826137,0.0,1
2492,0,1,-1,-1.1426881281844095,8.941788329417822,0.0,1
2493,1,1,-1,-0.276044402532959,9.43649324108933,0.0,1
2494,2,1,-1,0.2231966719806101,10.06286204710916,0.0,1
2495,3,1,-1,-0.702110999319659,8.155505249417354,0.0,1
2496,4,1,-1,-0.5262288589027814,9.761346008614854,0.0,1
2497,5,1,-1,0.480965054490596,-0.4367504082743646,0.0,1
2498,6,1,-1,0.3378964820633439,-0.4668093666532283,0.0,1
2499,0,2,-1,-0.21351798330853844,-1.2919485847115304,0.0,1
2500,1,2,0,9.92351649520845,-1.0524571875812325,0.0,1
2501,2,2,0,10.094069150826137,-1.7417511226208657,0.0,1
2502,3,2,0,8.941788329417822,-2.0851061959206456,0.0,1
2503,4,2,0,9.43649324108933,-0.25561610695475023,0.0,1
2504,5,2,0,10.06286204710916,-2.621314872129301,0.0,1
2505,6,2,0,8.155505249417354,-2.0782027619656964,0.0,1
2506,0,2,0,9.761346008614854,-1.0696679391171542,0.0,1
2507,1,2,-1,-0.4367504082743646,-1.8028579270938874,0.0,1
2508,2,2,-1,-0.4668093666532283,-2.2892633258461954,0.0,1
2509,3,2,-1,-1.2919485847115304,-2.1722838522348455,0.0,1
2510,4,2,-1,-1.0524571875812325,-0.642258110407817,0.0,1
2511,5,2,-1,-1.7417511226208657,-1.4758510581251212,0.0,1
2512,6,2,-1,-2.0851061959206456,-1.8938512153558005,0.0,1
2513,0,2,-1,-0.25561610695475023,-0.08579846310674377,0.0,1
2514,1,2,-1,-2.621314872129301,-0.6329108790160005,0.0,1
2515,2,2,-1,-2.0782027619656964,-0.9904978355393282,0.0,1
2516,3,2,-1,-1.0696679391171542,-2.561133128918927,0.0,1
2517,4,2,-1,-1.8028579270938874,-1.5453303875151014,0.0,1
2518,5,2,-1,-2.2892633258461954,-2.2032891266322734,0.0,1
2519,6,3,-1,-2.1722838522348455,1.0044790288131642,0.0,1
2520,0,3,-1,-0.642258110407817,-1.418742127401967,0.0,1
2521,1,3,-1,-1.4758510581251212,-0.29388427319333743,0.0,1
2522,2,3,-1,-1.8938512153558005,-3.0395581417676256,0.0,1
2523,3,3,-1,-0.08579846310674377,-4.332542162613674,0.0,1
2524,4,3,-1,-0.6329108790160005,-1.9208838932086345,0.0,1
2525,5,3,-1,-0.9904978355393282,-1.494932468858069,0.0,1
2526,6,3,-1,-2.561133128918927,-0.6876489813469023,0.0,1
2527,0,3,-1,-1.5453303875151014,-1.1596989306991798,0.0,1
2528,1,3,-1,-2.2032891266322734,0.17180236853543263,0.0,1
2529,2,4,-1,1.0044790288131642,-1.2022648802859102,0.0,1
2530,3,4,-1,-1.418742127401967,-2.9384046201833556,0.0,1
2531,4,4,-1,-0.29388427319333743,-0.5627354541293395,0.0,1
2532,5,4,-1,-3.0395581417676256,-2.410249370410537,0.0,1
2533,6,4,-1,-4.332542162613674,-1.0306101727325458,0.0,1
2534,0,4,-1,-1.9208838932086345,-0.5415144630478859,0.0,1
2535,1,4,-1,-1.494932468858069,0.6259857842656655,0.0,1
2536,2,4,-1,-0.6876489813469023,-3.877444635744066,0.0,1
2537,3,4,-1,-1.1596989306991798,-2.7522630417783818,0.0,1
2538,4,4,-1,0.17180236853543263,-0.33806578645791285,0.0,1
2539,5,4,-1,-1.2022648802859102,-0.16239207542008072,0.0,1
2540,6,4,-1,-2.9384046201833556,-1.3974439269559364,0.0,1
2541,0,4,-1,-0.5627354541293395,-1.7672731064987746,0.0,1
2542,1,4,-1,-2.410249370410537,-2.0478011619293266,0.0,1
2543,2,4,-1,-1.0306101727325458,-4.525358876285205,0.0,1
2544,3,4,-1,-0.5415144630478859,-2.481018244290934,0.0,1
2545,4,4,-1,0.6259857842656655,-2.8108245337428537,0.0,1
2546,5,4,-1,-3.877444635744066,-1.1778730353107212,0.0,1
2547,6,4,-1,-2.7522630417783818,-1.1639135024327096,0.0,1
2548,0,4,-1,-0.33806578645791285,-2.809060430319966,0.0,1
2549,1,4,-1,-0.16239207542008072,-0.6740107173319148,0.0,1
2550,2,4,-1,-1.3974439269559364,-2.967229979275734,0.0,1
2551,3,4,-1,-1.7672731064987746,-2.4441993909568764,0.0,1
2552,4,4,-1,-2.0478011619293266,-2.621060550896714,0.0,1
2553,5,4,-1,-4.525358876285205,-1.7928516623376032,0.0,1
2554,6,4,-1,-2.481018244290934,-2.251084397413317,0.0,1
2555,0,4,-1,-2.8108245337428537,-0.7876900044914896,0.0,1
2556,1,4,-1,-1.1778730353107212,-3.1457119203030457,0.0,1
2557,2,4,-1,-1.1639135024327096,-2.7115025273228754,0.0,1
2558,3,4,-1,-2.809060430319966,-3.897837164303995,0.0,1
2559,4,4,-1,-0.6740107173319148,-2.1690419588109027,0.0,1
2560,5,4,-1,-2.967229979275734,-1.8916025161509438,0.0,1
2561,6,4,-1,-2.4441993909568764,-2.4486781552510233,0.0,1
2562,0,0,-1,-2.621060550896714,-1.65981353814501,0.0,1
2563,1,0,-1,-1.7928516623376032,-0.8614507770724813,0.0,1
2564,2,0,-1,-2.251084397413317,-3.2046813268275343,0.0,1
2565,3,0,-1,-0.7876900044914896,-5.43655021476684,0.0,1
2566,4,0,-1,-3.1457119203030457,-4.404802395107627,0.0,1
2567,5,0,-1,-2.7115025273228754,-2.127992402692694,0.0,1
2568,6,0,-1,-3.897837164303995,-4.111425412008894,0.0,1
2569,0,0,-1,-2.1690419588109027,-2.333102312757302,0.0,1
2570,1,0,-1,-1.8916025161509438,-0.7368795364482781,0.0,1
2571,2,0,-1,-2.4486781552510233,-3.9771689941241597,0.0,1
2572,3,0,-1,-1.65981353814501,-3.928741520498917,0.0,1
2573,4,0,-1,-0.8614507770724813,-2.3985276542002794,0.0,1
2574,5,0,-1,-3.2046813268275343,-2.5666464732231358,0.0,1
2575,6,0,-1,-5.43655021476684,-3.4291636382006416,0.0,1
2576,0,0,-1,-4.404802395107627,-2.9775698424014987,0.0,1
2577,1,0,-1,-2.127992402692694,-1.1164529867000015,0.0,1
2578,2,0,-1,-4.111425412008894,-3.567449407478022,0.0,1
2579,3,0,-1,-2.333102312757302,-1.9560337478115253,0.0,1
2580,4,0,-1,-0.7368795364482781,-4.386715261481319,0.0,1
2581,5,0,-1,-3.9771689941241597,-3.247574249491887,0.0,1
2582,6,0,-1,-3.928741520498917,-2.1680594008261687,0.0,1
2583,0,0,-1,-2.3985276542002794,-2.6840545043339765,0.0,1
2584,1,0,-1,-2.5666464732231358,-1.4010409616734618,0.0,1
2585,2,0,-1,-3.4291636382006416,-3.7918151219446194,0.0,1
2586,3,0,-1,-2.9775698424014987,-1.1775358477621771,0.0,1
2587,4,0,-1,-1.1164529867000015,-5.549109677175823,0.0,1
2588,5,0,-1,-3.567449407478022,-4.010297235697217,0.0,1
2589,6,0,-1,-1.9560337478115253,-2.882876892452378,0.0,1
2590,0,0,-1,-4.386715261481319,7.892769824594885,0.0,1
2591,1,0,-1,-3.247574249491887,10.077592221946373,0.0,1
2592,2,0,-1,-2.1680594008261687,6.7801026179094634,0.0,1
2593,3,1,-1,-2.6840545043339765,7.12916552477339,0.0,1
2594,4,1,-1,-1.4010409616734618,6.97660912363784,0.0,1
2595,5,1,-1,-3.7918151219446194,6.5994511299472585,0.0,1
2596,6,1,-1,-1.1775358477621771,6.695501701704892,0.0,1
2597,0,1,-1,-5.549109677175823,-3.60720331399234,0.0,1
2598,1,1,-1,-4.010297235697217,-2.390624438548619,0.0,1
2599,2,1,-1,-2.882876892452378,-3.055120320760849,0.0,1
2600,3,1,0,7.892769824594885,-5.314192287094185,0.0,1
2601,4,1,0,10.077592221946373,-3.283927295946685,0.0,1
2602,5,1,0,6.7801026179094634,-2.7311146592235094,0.0,1
2603,6,1,0,7.12916552477339,-3.88566221788757,0.0,1
2604,0,1,0,6.97660912363784,-2.876743403180149,0.0,1
2605,1,1,0,6.5994511299472585,-2.861283488806909,0.0,1
2606,2,1,0,6.695501701704892,-3.939993370278277,0.0,1
2607,3,1,-1,-3.60720331399234,-5.345221754200153,0.0,1
2608,4,1,-1,-2.390624438548619,-3.814488562526358,0.0,1
2609,5,1,-1,-3.055120320760849,-3.7454485376970537,0.0,1
2610,6,1,-1,-5.314192287094185,-3.668641007100386,0.0,1
2611,0,1,-1,-3.283927295946685,-3.429193984547747,0.0,1
2612,1,1,-1,-2.7311146592235094,-3.799691695239086,0.0,1
2613,2,1,-1,-3.88566221788757,-3.7467935078257733,0.0,1
2614,3,1,-1,-2.876743403180149,-4.344401111178683,0.0,1
2615,4,1,-1,-2.861283488806909,-4.855983407533097,0.0,1
2616,5,1,-1,-3.939993370278277,-3.0301338452315396,0.0,1
2617,6,1,-1,-5.345221754200153,-3.767643643189515,0.0,1
2618,0,1,-1,-3.814488562526358,-3.291966501929286,0.0,1
2619,1,1,-1,-3.7454485376970537,-2.293322955787448,0.0,1
2620,2,1,-1,-3.668641007100386,-5.216153775174311,0.0,1
2621,3,2,-1,-3.429193984547747,-6.6016888967384295,0.0,1
2622,4,2,-1,-3.799691695239086,-3.870945898525879,0.0,1
2623,5,2,-1,-3.7467935078257733,-5.272055829728874,0.0,1
2624,6,2,-1,-4.344401111178683,-4.026396975405958,0.0,1
2625,0,2,-1,-4.855983407533097,-1.5452852124144234,0.0,1
2626,1,2,-1,-3.0301338452315396,-3.283623493372752,0.0,1
2627,2,2,-1,-3.767643643189515,-2.93481782594915,0.0,1
2628,3,2,-1,-3.291966501929286,-3.3953047053017955,0.0,1
2629,4,2,-1,-2.293322955787448,-4.791321353870577,0.0,1
2630,5,2,-1,-5.216153775174311,-3.8748985858579412,0.0,1
2631,6,2,-1,-6.6016888967384295,-2.4632556980744944,0.0,1
2632,0,2,-1,-3.870945898525879,-2.4594232316109816,0.0,1
2633,1,2,-1,-5.272055829728874,-1.6627345744673976,0.0,1
2634,2,2,-1,-4.026396975405958,-6.163500832522583,0.0,1
2635,3,2,-1,-1.5452852124144234,-4.446637666440422,0.0,1
2636,4,2,-1,-3.283623493372752,-6.265099496879769,0.0,1
2637,5,2,-1,-2.93481782594915,-4.329131326629683,0.0,1
2638,6,2,-1,-3.3953047053017955,-1.8390841335422419,0.0,1
2639,0,2,-1,-4.791321353870577,-4.093719935781737,0.0,1
2640,1,2,-1,-3.8748985858579412,-1.9474479460147003,0.0,1
2641,2,3,-1,-2.4632556980744944,-7.55975396953658,0.0,1
2642,3,3,-1,-2.4594232316109816,-6.184489220479493,0.0,1
2643,4,3,-1,-1.6627345744673976,-4.65733469141262,0.0,1
2644,5,3,-1,-6.163500832522583,-4.970553989265931,0.0,1
2645,6,3,-1,-4.446637666440422,-2.7794159217110233,0.0,1
2646,0,3,-1,-6.265099496879769,-2.254488972305184,0.0,1
2647,1,3,-1,-4.329131326629683,-3.828035488552197,0.0,1
2648,2,3,-1,-1.8390841335422419,-2.5587880256184796,0.0,1
2649,3,3,-1,-4.093719935781737,-3.896243536450603,0.0,1
2650,4,3,-1,-1.9474479460147003,-5.315742303692798,0.0,1
2651,5,4,-1,-7.55975396953658,-3.3174405107617497,0.0,1
2652,6,4,-1,-6.184489220479493,-3.3560305876349474,0.0,1
2653,0,4,-1,-4.65733469141262,-2.8685070041187424,0.0,1
2654,1,4,-1,-4.970553989265931,-5.103177500243322,0.0,1
2655,2,4,-1,-2.7794159217110233,-5.5196056507423785,0.0,1
2656,3,4,-1,-2.254488972305184,-6.128868130582107,0.0,1
2657,4,4,-1,-3.828035488552197,-5.060133593424934,0.0,1
2658,5,4,-1,-2.5587880256184796,-3.821197263683932,0.0,1
2659,6,4,-1,-3.896243536450603,-3.8760377027130137,0.0,1
2660,0,4,-1,-5.315742303692798,-2.9482847094359435,0.0,1
2661,1,4,-1,-3.3174405107617497,-2.5801250330727896,0.0,1
2662,2,4,-1,-3.3560305876349474,-3.117951353309966,0.0,1
2663,3,4,-1,-2.8685070041187424,-7.87407256599152,0.0,1
2664,4,4,-1,-5.103177500243322,-6.0620911584869885,0.0,1
2665,5,4,-1,-5.5196056507423785,-5.230180847861964,0.0,1
2666,6,4,-1,-6.128868130582107,-4.052284745917164,0.0,1
2667,0,4,-1,-5.060133593424934,-2.454673780803049,0.0,1
2668,1,4,-1,-3.821197263683932,-3.606677442958001,0.0,1
2669,2,4,-1,-3.8760377027130137,-6.486135241393369,0.0,1
2670,3,4,-1,-2.9482847094359435,-5.892869540854183,0.0,1
2671,4,4,-1,-2.5801250330727896,-4.298739816755311,0.0,1
2672,5,4,-1,-3.117951353309966,-4.621752405184104,0.0,1
2673,6,4,-1,-7.87407256599152,-4.856638649867843,0.0,1
2674,0,4,-1,-6.0620911584869885,-4.290960770641861,0.0,1
2675,1,4,-1,-5.230180847861964,-4.245056508733081,0.0,1
2676,2,4,-1,-4.052284745917164,-4.984274417148967,0.0,1
2677,3,4,-1,-2.454673780803049,-5.53126098359349,0.0,1
2678,4,4,-1,-3.606677442958001,-6.566792329752447,0.0,1
2679,5,4,-1,-6.486135241393369,-4.052225147907882,0.0,1
2680,6,4,-1,-5.892869540854183,-5.634316297499798,0.0,1
2681,0,4,-1,-4.298739816755311,-5.33429997027044,0.0,1
2682,1,4,-1,-4.621752405184104,-3.243862896012415,0.0,1
2683,2,4,-1,-4.856638649867843,-5.930400918795817,0.0,1
2684,3,0,-1,-4.290960770641861,-6.514127450550929,0.0,1
2685,4,0,-1,-4.245056508733081,-7.686976374676298,0.0,1
2686,5,0,-1,-4.984274417148967,-4.061830654099617,0.0,1
2687,6,0,-1,-5.53126098359349,-5.342873301955713,0.0,1
2688,0,0,-1,-6.566792329752447,-3.3580398052755767,0.0,1
2689,1,0,-1,-4.052225147907882,-3.25378347985792,0.0,1
2690,2,0,-1,-5.634316297499798,4.5892788705109595,0.0,1
2691,3,0,-1,-5.33429997027044,3.787824267892768,0.0,1
2692,4,0,-1,-3.243862896012415,3.754669098598925,0.0,1
2693,5,0,-1,-5.930400918795817,5.069930321818676,0.0,1
2694,6,0,-1,-6.514127450550929,4.791575777864615,0.0,1
2695,0,0,-1,-7.686976374676298,5.667995811942496,0.0,1
2696,1,0,-1,-4.061830654099617,8.379496299008336,0.0,1
2697,2,0,-1,-5.342873301955713,-7.342711622756526,0.0,1
2698,3,0,-1,-3.3580398052755767,-7.773937052604495,0.0,1
2699,4,0,-1,-3.25378347985792,-4.380807573546331,0.0,1
2700,5,0,0,4.5892788705109595,-4.478019336251674,0.0,1
2701,6,0,0,3.787824267892768,-4.737179328991609,0.0,1
2702,0,0,0,3.754669098598925,-3.934668085796557,0.0,1
2703,1,0,0,5.069930321818676,-2.2431643916614936,0.0,1
2704,2,0,0,4.791575777864615,-6.550298436756376,0.0,1
2705,3,0,0,5.667995811942496,-8.259252007390444,0.0,1
2706,4,0,0,8.379496299008336,-6.672517101754812,0.0,1
2707,5,0,-1,-7.342711622756526,-5.567292736112615,0.0,1
2708,6,0,-1,-7.773937052604495,-4.965278246503213,0.0,1
2709,0,0,-1,-4.380807573546331,-4.000386469727247,0.0,1
2710,1,0,-1,-4.478019336251674,-2.69942907872631,0.0,1
2711,2,0,-1,-4.737179328991609,-7.665015612592365,0.0,1
2712,3,0,-1,-3.934668085796557,-8.042924679961445,0.0,1
2713,4,0,-1,-2.2431643916614936,-6.1899969527684595,0.0,1
2714,5,0,-1,-6.550298436756376,-4.08338518158919,0.0,1
2715,6,1,-1,-8.259252007390444,-4.893816747414527,0.0,1
2716,0,1,-1,-6.672517101754812,-3.6688367215597193,0.0,1
2717,1,1,-1,-5.567292736112615,-4.080990247181593,0.0,1
2718,2,1,-1,-4.965278246503213,-6.303265770919752,0.0,1
2719,3,1,-1,-4.000386469727247,-6.726932478714044,0.0,1
2720,4,1,-1,-2.69942907872631,-6.3533598757959275,0.0,1
2721,5,1,-1,-7.665015612592365,-6.3107457263931455,0.0,1
2722,6,1,-1,-8.042924679961445,-5.832245810425617,0.0,1
2723,0,1,-1,-6.1899969527684595,-4.785783651709155,0.0,1
2724,1,1,-1,-4.08338518158919,-2.9891053701774277,0.0,1
2725,2,1,-1,-4.893816747414527,-8.249846975019015,0.0,1
2726,3,1,-1,-3.6688367215597193,-8.08732958340955,0.0,1
2727,4,1,-1,-4.080990247181593,-8.121248170725345,0.0,1
2728,5,1,-1,-6.303265770919752,-6.366594742798933,0.0,1
2729,6,1,-1,-6.726932478714044,-6.645228258404449,0.0,1
2730,0,1,-1,-6.3533598757959275,-4.773604715206835,0.0,1
2731,1,1,-1,-6.3107457263931455,-3.977152980344123,0.0,1
2732,2,1,-1,-5.832245810425617,-7.119633325831961,0.0,1
2733,3,1,-1,-4.785783651709155,-8.974474937196517,0.0,1
2734,4,1,-1,-2.9891053701774277,-6.031646607615854,0.0,1
2735,5,1,-1,-8.249846975019015,-7.645022013699212,0.0,1
2736,6,1,-1,-8.08732958340955,-7.006326773634259,0.0,1
2737,0,1,-1,-8.121248170725345,-4.74422371386548,0.0,1
2738,1,1,-1,-6.366594742798933,-1.4709657720799632,0.0,1
2739,2,1,-1,-6.645228258404449,-9.336210382724435,0.0,1
2740,3,1,-1,-4.773604715206835,-8.449014376504778,0.0,1
2741,4,1,-1,-3.977152980344123,-5.638732058189942,0.0,1
2742,5,1,-1,-7.119633325831961,-6.383619069756039,0.0,1
2743,6,2,-1,-8.974474937196517,-2.90624576159195,0.0,1
2744,0,2,-1,-6.031646607615854,-4.102647641603838,0.0,1
2745,1,2,-1,-7.645022013699212,-4.169893376451609,0.0,1
2746,2,2,-1,-7.006326773634259,-7.821384425561708,0.0,1
2747,3,2,-1,-4.74422371386548,-7.9780254516155695,0.0,1
2748,4,2,-1,-1.4709657720799632,-8.141270830902991,0.0,1
2749,5,2,-1,-9.336210382724435,-5.965394988537716,0.0,1
2750,6,2,-1,-8.449014376504778,-6.699561554208377,0.0,1
2751,0,2,-1,-5.638732058189942,-4.734787647415669,0.0,1
2752,1,2,-1,-6.383619069756039,-4.467944319087531,0.0,1
2753,2,2,-1,-2.90624576159195,-9.59361804067654,0.0,1
2754,3,2,-1,-4.102647641603838,-8.810399685449742,0.0,1
2755,4,2,-1,-4.169893376451609,-7.791004715506854,0.0,1
2756,5,2,-1,-7.821384425561708,-6.789856168287247,0.0,1
2757,6,2,-1,-7.9780254516155695,-6.308413881203837,0.0,1
2758,0,2,-1,-8.141270830902991,-6.6096179262602535,0.0,1
2759,1,2,-1,-5.965394988537716,-2.177346488483896,0.0,1
2760,2,2,-1,-6.699561554208377,-8.112305388666828,0.0,1
2761,3,2,-1,-4.734787647415669,-7.40679269389455,0.0,1
2762,4,2,-1,-4.467944319087531,-8.271139646761235,0.0,1
2763,5,3,-1,-9.59361804067654,-5.82354140540625,0.0,1
2764,6,3,-1,-8.810399685449742,-4.38585911400076,0.0,1
2765,0,3,-1,-7.791004715506854,-4.094388858169975,0.0,1
2766,1,3,-1,-6.789856168287247,-3.7249221539738384,0.0,1
2767,2,3,-1,-6.308413881203837,-7.56432811044917,0.0,1
2768,3,3,-1,-6.6096179262602535,-8.94173968145242,0.0,1
2769,4,3,-1,-2.177346488483896,-7.531961444953488,0.0,1
2770,5,3,-1,-8.112305388666828,-5.9741338369587424,0.0,1
2771,6,3,-1,-7.40679269389455,-4.015071585360124,0.0,1
2772,0,3,-1,-8.271139646761235,-4.386884417947385,0.0,1
2773,1,4,-1,-5.82354140540625,-4.017063991535609,0.0,1
2774,2,4,-1,-4.38585911400076,-9.355456418276615,0.0,1
2775,3,4,-1,-4.094388858169975,-10.066670489424942,0.0,1
2776,4,4,-1,-3.7249221539738384,-8.34704014972679,0.0,1
2777,5,4,-1,-7.56432811044917,-6.6834895873590305,0.0,1
2778,6,4,-1,-8.94173968145242,-5.226351511867021,0.0,1
2779,0,4,-1,-7.531961444953488,-5.939022142354257,0.0,1
2780,1,4,-1,-5.9741338369587424,-4.249820460618271,0.0,1
2781,2,4,-1,-4.015071585360124,-8.889060584081102,0.0,1
2782,3,4,-1,-4.386884417947385,-6.879518101160167,0.0,1
2783,4,4,-1,-4.017063991535609,-8.482265616988789,0.0,1
2784,5,4,-1,-9.355456418276615,-6.350410665335984,0.0,1
2785,6,4,-1,-10.066670489424942,-5.694995987001445,0.0,1
2786,0,4,-1,-8.34704014972679,-5.2444704887875115,0.0,1
2787,1,4,-1,-6.6834895873590305,-4.939770840283368,0.0,1
2788,2,4,-1,-5.226351511867021,-7.549158835510222,0.0,1
2789,3,4,-1,-5.939022142354257,-9.485160442560256,0.0,1
2790,4,4,-1,-4.249820460618271,2.777096445979187,0.0,1
2791,5,4,-1,-8.889060584081102,1.9056923547575233,0.0,1
2792,6,4,-1,-6.879518101160167,4.592271068984002,0.0,1
2793,0,4,-1,-8.482265616988789,4.334106282467474,0.0,1
2794,1,4,-1,-6.350410665335984,6.57326761455979,0.0,1
2795,2,4,-1,-5.694995987001445,4.244574412102224,0.0,1
2796,3,4,-1,-5.2444704887875115,-0.5853676618564372,0.0,1
2797,4,4,-1,-4.939770840283368,-6.4233073946224515,0.0,1
2798,5,4,-1,-7.549158835510222,-10.38653574247058,0.0,1
2799,6,4,-1,-9.485160442560256,-6.166225420527442,0.0,1
2800,0,4,0,2.777096445979187,-2.6226183652252617,0.0,1
2801,1,4,0,1.9056923547575233,-4.0162836767732495,0.0,1
2802,2,4,0,4.592271068984002,-9.035725998335028,0.0,1
2803,3,4,0,4.334106282467474,-9.587844176715553,0.0,1
2804,4,4,0,6.57326761455979,-9.390246375026749,0.0,1
2805,5,4,0,4.244574412102224,-7.810938670261398,0.0,1
2806,6,0,0,-0.5853676618564372,-8.153798346907298,0.0,1
2807,0,0,-1,-6.4233073946224515,-6.664693048231581,0.0,1
2808,1,0,-1,-10.38653574247058,-4.872596239699561,0.0,1
2809,2,0,-1,-6.166225420527442,-10.11822360220505,0.0,1
2810,3,0,-1,-2.6226183652252617,-8.56442776030775,0.0,1
2811,4,0,-1,-4.0162836767732495,-7.922588657540202,0.0,1
2812,5,0,-1,-9.035725998335028,-4.397773001682767,0.0,1
2813,6,0,-1,-9.587844176715553,-6.357706810560014,0.0,1
2814,0,0,-1,-9.390246375026749,-7.018549571979047,0.0,1
2815,1,0,-1,-7.810938670261398,-4.313345039907153,0.0,1
2816,2,0,-1,-8.153798346907298,-10.182184297849256,0.0,1
2817,3,0,-1,-6.664693048231581,-10.121662627404119,0.0,1
2818,4,0,-1,-4.872596239699561,-7.839355745009082,0.0,1
2819,5,0,-1,-10.11822360220505,-6.714206466156185,0.0,1
2820,6,0,-1,-8.56442776030775,-6.253691791970173,0.0,1
2821,0,0,-1,-7.922588657540202,-4.609993629278327,0.0,1
2822,1,0,-1,-4.397773001682767,-3.6357843536739436,0.0,1
2823,2,0,-1,-6.357706810560014,-9.434677883512997,0.0,1
2824,3,0,-1,-7.018549571979047,-9.24780191292588,0.0,1
2825,4,0,-1,-4.313345039907153,-7.313596217779123,0.0,1
2826,5,0,-1,-10.182184297849256,-6.414156879067803,0.0,1
2827,6,0,-1,-10.121662627404119,-6.47835345734749,0.0,1
2828,0,0,-1,-7.839355745009082,-7.290475484533561,0.0,1
2829,1,0,-1,-6.714206466156185,-4.641964128270748,0.0,1
2830,2,0,-1,-6.253691791970173,-11.37659683649355,0.0,1
2831,3,0,-1,-4.609993629278327,-8.58051979121095,0.0,1
2832,4,0,-1,-3.6357843536739436,-7.0803008114598,0.0,1
2833,5,0,-1,-9.434677883512997,-6.748959343531853,0.0,1
2834,6,0,-1,-9.24780191292588,-6.998393311105174,0.0,1
2835,0,0,-1,-7.313596217779123,-8.544170189735162,0.0,1
2836,1,0,-1,-6.414156879067803,-6.6163816386687175,0.0,1
2837,2,1,-1,-6.47835345734749,-9.620515021265469,0.0,1
2838,3,1,-1,-7.290475484533561,-9.80848645778195,0.0,1
2839,4,1,-1,-4.641964128270748,-8.320922614474808,0.0,1
2840,5,1,-1,-11.37659683649355,-7.383961473793498,0.0,1
2841,6,1,-1,-8.58051979121095,-6.9873612607453115,0.0,1
2842,0,1,-1,-7.0803008114598,-6.700606972506458,0.0,1
2843,1,1,-1,-6.748959343531853,-4.274218164703674,0.0,1
2844,2,1,-1,-6.998393311105174,-9.523960749271462,0.0,1
2845,3,1,-1,-8.544170189735162,-8.119807254569835,0.0,1
2846,4,1,-1,-6.6163816386687175,-8.729637348232377,0.0,1
2847,5,1,-1,-9.620515021265469,-7.549701616123174,0.0,1
2848,6,1,-1,-9.80848645778195,-8.140876603937626,0.0,1
2849,0,1,-1,-8.320922614474808,-5.236832790637722,0.0,1
2850,1,1,-1,-7.383961473793498,-3.2038869462589252,0.0,1
2851,2,1,-1,-6.9873612607453115,-10.851958569510849,0.0,1
2852,3,1,-1,-6.700606972506458,-7.607085351714206,0.0,1
2853,4,1,-1,-4.274218164703674,-8.406413130080283,0.0,1
2854,5,1,-1,-9.523960749271462,-8.833769411782418,0.0,1
2855,6,1,-1,-8.119807254569835,-6.900544203093027,0.0,1
2856,0,1,-1,-8.729637348232377,-7.369448051984181,0.0,1
2857,1,1,-1,-7.549701616123174,-5.8912564393743505,0.0,1
2858,2,1,-1,-8.140876603937626,-8.765397286932918,0.0,1
2859,3,1,-1,-5.236832790637722,-8.745752656815643,0.0,1
2860,4,1,-1,-3.2038869462589252,-7.407969041316719,0.0,1
2861,5,1,-1,-10.851958569510849,-8.905180588487841,0.0,1
2862,6,1,-1,-7.607085351714206,-8.873633597641016,0.0,1
2863,0,1,-1,-8.406413130080283,-4.124452457390012,0.0,1
2864,1,1,-1,-8.833769411782418,-3.475900005575965,0.0,1
2865,2,2,-1,-6.900544203093027,-8.787878710612853,0.0,1
2866,3,2,-1,-7.369448051984181,-11.09589129409348,0.0,1
2867,4,2,-1,-5.8912564393743505,-7.115785297271511,0.0,1
2868,5,2,-1,-8.765397286932918,-8.56572223292759,0.0,1
2869,6,2,-1,-8.745752656815643,-6.899057908937544,0.0,1
2870,0,2,-1,-7.407969041316719,-5.565086478970189,0.0,1
2871,1,2,-1,-8.905180588487841,-4.764874582530495,0.0,1
2872,2,2,-1,-8.873633597641016,-10.471815277805604,0.0,1
2873,3,2,-1,-4.124452457390012,-9.251940736954973,0.0,1
2874,4,2,-1,-3.475900005575965,-7.1889027895397515,0.0,1
2875,5,2,-1,-8.787878710612853,-8.150613332412508,0.0,1
2876,6,2,-1,-11.09589129409348,-6.5504077973583135,0.0,1
2877,0,2,-1,-7.115785297271511,-6.231734968008756,0.0,1
2878,1,2,-1,-8.56572223292759,-3.461112797606895,0.0,1
2879,2,2,-1,-6.899057908937544,-10.22270682935205,0.0,1
2880,3,2,-1,-5.565086478970189,-10.858625556519058,0.0,1
2881,4,2,-1,-4.764874582530495,-9.947838495602575,0.0,1
2882,5,2,-1,-10.471815277805604,-8.522045253139764,0.0,1
2883,6,2,-1,-9.251940736954973,-8.5556822752513,0.0,1
2884,0,2,-1,-7.1889027895397515,-5.456041631039019,0.0,1
2885,1,3,-1,-8.150613332412508,-3.7184864364550503,0.0,1
2886,2,3,-1,-6.5504077973583135,-9.068282381917617,0.0,1
2887,3,3,-1,-6.231734968008756,-9.299207975977499,0.0,1
2888,4,3,-1,-3.461112797606895,-7.850696065235027,0.0,1
2889,5,3,-1,-10.22270682935205,-7.38292396632722,0.0,1
2890,6,3,-1,-10.858625556519058,1.9395419460591945,0.0,1
2891,0,3,-1,-9.947838495602575,2.617576876693679,0.0,1
2892,1,3,-1,-8.522045253139764,5.873432894274293,0.0,1
2893,2,3,-1,-8.5556822752513,0.4314155641609514,0.0,1
2894,3,3,-1,-5.456041631039019,-0.9084896829228193,0.0,1
2895,4,4,-1,-3.7184864364550503,-0.3437655971312008,0.0,1
2896,5,4,-1,-9.068282381917617,1.3484302901970313,0.0,1
2897,6,4,-1,-9.299207975977499,-4.526332450443983,0.0,1
2898,0,4,-1,-7.850696065235027,-5.743886884603492,0.0,1
2899,1,4,-1,-7.38292396632722,-4.3880564689193955,0.0,1
2900,2,4,0,1.9395419460591945,-10.020621049856993,0.0,1
2901,3,4,0,2.617576876693679,-9.340041797223185,0.0,1
2902,4,4,0,5.873432894274293,-10.351374692471765,0.0,1
2903,5,4,0,0.4314155641609514,-8.527910796971039,0.0,1
2904,6,4,0,-0.9084896829228193,-6.765366871018872,0.0,1
2905,0,4,0,-0.3437655971312008,-5.536546860003256,0.0,1
2906,1,4,0,1.3484302901970313,-5.681171035954782,0.0,1
2907,2,4,-1,-4.526332450443983,-9.726944768516923,0.0,1
2908,3,4,-1,-5.743886884603492,-9.653175517035248,0.0,1
2909,4,4,-1,-4.3880564689193955,-9.162569866526084,0.0,1
2910,5,4,-1,-10.020621049856993,-5.956434596063073,0.0,1
2911,6,4,-1,-9.340041797223185,-7.032579094231059,0.0,1
2912,0,4,-1,-10.351374692471765,-5.874544997413172,0.0,1
2913,1,4,-1,-8.527910796971039,-3.698475664046369,0.0,1
2914,2,4,-1,-6.765366871018872,-8.814179679529346,0.0,1
2915,3,4,-1,-5.536546860003256,-10.311440674854556,0.0,1
2916,4,4,-1,-5.681171035954782,-10.158371140843252,0.0,1
2917,5,4,-1,-9.726944768516923,-6.741630196210236,0.0,1
2918,6,4,-1,-9.653175517035248,-8.008180836869816,0.0,1
2919,0,4,-1,-9.162569866526084,-6.109472203820533,0.0,1
2920,1,4,-1,-5.956434596063073,-4.97453456514344,0.0,1
2921,2,4,-1,-7.032579094231059,-10.70425343969173,0.0,1
2922,3,4,-1,-5.874544997413172,-8.35110608767518,0.0,1
2923,4,4,-1,-3.698475664046369,-9.413310642114286,0.0,1
2924,5,4,-1,-8.814179679529346,-5.942665090383439,0.0,1
2925,6,4,-1,-10.311440674854556,-6.913192385503838,0.0,1
2926,0,4,-1,-10.158371140843252,-6.96068138214846,0.0,1
2927,1,4,-1,-6.741630196210236,-6.007310422440466,0.0,1
2928,2,0,-1,-8.008180836869816,-10.87439976782432,0.0,1
2929,3,0,-1,-6.109472203820533,-11.141890790752194,0.0,1
2930,4,0,-1,-4.97453456514344,-7.772593181778632,0.0,1
2931,5,0,-1,-10.70425343969173,-9.87330687707641,0.0,1
2932,6,0,-1,-8.35110608767518,-7.384055208442978,0.0,1
2933,0,0,-1,-9.413310642114286,-5.511211194702442,0.0,1
2934,1,0,-1,-5.942665090383439,-7.466967543072627,0.0,1
2935,2,0,-1,-6.913192385503838,-10.889071116599364,0.0,1
2936,3,0,-1,-6.96068138214846,-11.871001149869521,0.0,1
2937,4,0,-1,-6.007310422440466,-9.155500074570652,0.0,1
2938,5,0,-1,-10.87439976782432,-7.988128915541325,0.0,1
2939,6,0,-1,-11.141890790752194,-9.083985232266716,0.0,1
2940,0,0,-1,-7.772593181778632,-5.438474861429709,0.0,1
2941,1,0,-1,-9.87330687707641,-6.6670822486231955,0.0,1
2942,2,0,-1,-7.384055208442978,-9.205942166162222,0.0,1
2943,3,0,-1,-5.511211194702442,-10.850870074396054,0.0,1
2944,4,0,-1,-7.466967543072627,-9.5823950630798,0.0,1
2945,5,0,-1,-10.889071116599364,-9.474186272611123,0.0,1
2946,6,0,-1,-11.871001149869521,-7.221265512211318,0.0,1
2947,0,0,-1,-9.155500074570652,-5.772406948726531,0.0,1
2948,1,0,-1,-7.988128915541325,-7.134894665056988,0.0,1
2949,2,0,-1,-9.083985232266716,-9.318750622106151,0.0,1
2950,3,0,-1,-5.438474861429709,-9.520344256068881,0.0,1
2951,4,0,-1,-6.6670822486231955,-8.577541762170226,0.0,1
2952,5,0,-1,-9.205942166162222,-9.501748012739043,0.0,1
2953,6,0,-1,-10.850870074396054,-5.016058060313862,0.0,1
2954,0,0,-1,-9.5823950630798,-6.394242639342668,0.0,1
2955,1,0,-1,-9.474186272611123,-5.864513827597753,0.0,1
2956,2,0,-1,-7.221265512211318,-11.541411316166448,0.0,1
2957,3,0,-1,-5.772406948726531,-10.350631776779826,0.0,1
2958,4,0,-1,-7.134894665056988,-9.558289537638993,0.0,1
2959,5,1,-1,-9.318750622106151,-8.126523131976418,0.0,1
2960,6,1,-1,-9.520344256068881,-6.291506070294011,0.0,1
2961,0,1,-1,-8.577541762170226,-5.1673590954806885,0.0,1
2962,1,1,-1,-9.501748012739043,-5.20546129001913,0.0,1
2963,2,1,-1,-5.016058060313862,-9.495411256440672,0.0,1
2964,3,1,-1,-6.394242639342668,-8.81770384670222,0.0,1
2965,4,1,-1,-5.864513827597753,-9.00205417361456,0.0,1
2966,5,1,-1,-11.541411316166448,-7.352971032659496,0.0,1
2967,6,1,-1,-10.350631776779826,-7.442681039216615,0.0,1
2968,0,1,-1,-9.558289537638993,-6.538609635219299,0.0,1
2969,1,1,-1,-8.126523131976418,-2.535350367828739,0.0,1
2970,2,1,-1,-6.291506070294011,-12.224032527406433,0.0,1
2971,3,1,-1,-5.1673590954806885,-10.082478235851415,0.0,1
2972,4,1,-1,-5.20546129001913,-8.264800933253477,0.0,1
2973,5,1,-1,-9.495411256440672,-6.655739763453457,0.0,1
2974,6,1,-1,-8.81770384670222,-6.947278082764053,0.0,1
2975,0,1,-1,-9.00205417361456,-4.613429178735131,0.0,1
2976,1,1,-1,-7.352971032659496,-5.503398999853675,0.0,1
2977,2,1,-1,-7.442681039216615,-10.502651614198143,0.0,1
2978,3,1,-1,-6.538609635219299,-8.130789806353093,0.0,1
2979,4,1,-1,-2.535350367828739,-10.119845075141264,0.0,1
2980,5,1,-1,-12.224032527406433,-8.689425429365814,0.0,1
2981,6,1,-1,-10.082478235851415,-7.167374023015028,0.0,1
2982,0,1,-1,-8.264800933253477,-6.509696249509497,0.0,1
2983,1,1,-1,-6.655739763453457,-6.2337655875029965,0.0,1
2984,2,1,-1,-6.947278082764053,-11.144804707514918,0.0,1
2985,3,1,-1,-4.613429178735131,-9.23789252486416,0.0,1
2986,4,1,-1,-5.503398999853675,-9.214623371500583,0.0,1
2987,5,2,-1,-10.502651614198143,-6.615666997989736,0.0,1
2988,6,2,-1,-8.130789806353093,-7.854741774537659,0.0,1
2989,0,2,-1,-10.119845075141264,-5.101918524375614,0.0,1
2990,1,2,-1,-8.689425429365814,5.4433161505404355,0.0,1
2991,2,2,-1,-7.167374023015028,0.13292709930227453,0.0,1
2992,3,2,-1,-6.509696249509497,0.6584902672604747,0.0,1
2993,4,2,-1,-6.2337655875029965,-0.1663096021871553,0.0,1
2994,5,2,-1,-11.144804707514918,1.0472144788470525,0.0,1
2995,6,2,-1,-9.23789252486416,3.533081426118722,0.0,1
2996,0,2,-1,-9.214623371500583,3.353112712451917,0.0,1
2997,1,2,-1,-6.615666997989736,-2.5326441968047675,0.0,1
2998,2,2,-1,-7.854741774537659,-9.052926012790827,0.0,1
2999,3,2,-1,-5.101918524375614,-9.075026338601832,0.0,1
3000,4,2,0,5.4433161505404355,-9.246190397486634,0.0,1
3001,5,2,0,0.13292709930227453,-9.18963152836741,0.0,1
3002,6,2,0,0.6584902672604747,-7.016544796009528,0.0,1
3003,0,2,0,-0.1663096021871553,-5.79837564726126,0.0,1
3004,1,2,0,1.0472144788470525,-4.265597472683595,0.0,1
3005,2,2,0,3.533081426118722,-9.706767517540564,0.0,1
3006,3,2,0,3.353112712451917,-9.625720830663854,0.0,1
3007,4,3,-1,-2.5326441968047675,-10.321914812845149,0.0,1
3008,5,3,-1,-9.052926012790827,-8.478687054914896,0.0,1
3009,6,3,-1,-9.075026338601832,-7.04016160609192,0.0,1
3010,0,3,-1,-9.246190397486634,-6.94793456651534,0.0,1
3011,1,3,-1,-9.18963152836741,-4.735159396885325,0.0,1
3012,2,3,-1,-7.016544796009528,-11.53335012485581,0.0,1
3013,3,3,-1,-5.79837564726126,-11.169304706976558,0.0,1
3014,4,3,-1,-4.265597472683595,-8.464564079911955,0.0,1
3015,5,3,-1,-9.706767517540564,-8.575888547341789,0.0,1
3016,6,3,-1,-9.625720830663854,-7.256179944160504,0.0,1
3017,0,4,-1,-10.321914812845149,-5.586232157340169,0.0,1
3018,1,4,-1,-8.478687054914896,-4.603563008927389,0.0,1
3019,2,4,-1,-7.04016160609192,-10.705855107047888,0.0,1
3020,3,4,-1,-6.94793456651534,-10.140898194382093,0.0,1
3021,4,4,-1,-4.735159396885325,-9.236828484135682,0.0,1
3022,5,4,-1,-11.53335012485581,-7.35279358058902,0.0,1
3023,6,4,-1,-11.169304706976558,-4.952443223478872,0.0,1
3024,0,4,-1,-8.464564079911955,-6.719960516303233,0.0,1
3025,1,4,-1,-8.575888547341789,-3.5223455937145305,0.0,1
3026,2,4,-1,-7.256179944160504,-9.783175107770052,0.0,1
3027,3,4,-1,-5.586232157340169,-8.921130516985555,0.0,1
3028,4,4,-1,-4.603563008927389,-8.272129953071325,0.0,1
3029,5,4,-1,-10.705855107047888,-8.908271853186237,0.0,1
3030,6,4,-1,-10.140898194382093,-6.9616311151333266,0.0,1
3031,0,4,-1,-9.236828484135682,-5.492325669243082,0.0,1
3032,1,4,-1,-7.35279358058902,-4.34258442547904,0.0,1
3033,2,4,-1,-4.952443223478872,-10.59558845426843,0.0,1
3034,3,4,-1,-6.719960516303233,-12.104732247836932,0.0,1
3035,4,4,-1,-3.5223455937145305,-9.379845142615883,0.0,1
3036,5,4,-1,-9.783175107770052,-9.374013540789651,0.0,1
3037,6,4,-1,-8.921130516985555,-6.529031508656355,0.0,1
3038,0,4,-1,-8.272129953071325,-5.778766628296107,0.0,1
3039,1,4,-1,-8.908271853186237,-5.24148778695163,0.0,1
3040,2,4,-1,-6.9616311151333266,-9.536439250238377,0.0,1
3041,3,4,-1,-5.492325669243082,-10.180608611214073,0.0,1
3042,4,4,-1,-4.34258442547904,-7.728477106217527,0.0,1
3043,5,4,-1,-10.59558845426843,-7.540214744960242,0.0,1
3044,6,4,-1,-12.104732247836932,-6.83818012615625,0.0,1
3045,0,4,-1,-9.379845142615883,-5.9757039696626535,0.0,1
3046,1,4,-1,-9.374013540789651,-4.430754473609827,0.0,1
3047,2,4,-1,-6.529031508656355,-10.332117345005724,0.0,1
3048,3,4,-1,-5.778766628296107,-9.335392003841259,0.0,1
3049,4,4,-1,-5.24148778695163,-10.513597920273575,0.0,1
3050,5,0,-1,-9.536439250238377,-6.059211112017637,0.0,1
3051,6,0,-1,-10.180608611214073,-7.692470137104163,0.0,1
3052,0,0,-1,-7.728477106217527,-5.839181485017332,0.0,1
3053,1,0,-1,-7.540214744960242,-4.60847623423449,0.0,1
3054,2,0,-1,-6.83818012615625,-10.8124541242832,0.0,1
3055,3,0,-1,-5.9757039696626535,-8.665257759786487,0.0,1
3056,4,0,-1,-4.430754473609827,-10.716700677816238,0.0,1
3057,5,0,-1,-10.332117345005724,-7.968114492580399,0.0,1
3058,6,0,-1,-9.335392003841259,-7.889414395277449,0.0,1
3059,0,0,-1,-10.513597920273575,-5.338384996574487,0.0,1
3060,1,0,-1,-6.059211112017637,-7.335563141051823,0.0,1
3061,2,0,-1,-7.692470137104163,-8.533412911203168,0.0,1
3062,3,0,-1,-5.839181485017332,-10.36919886106417,0.0,1
3063,4,0,-1,-4.60847623423449,-8.98332844976921,0.0,1
3064,5,0,-1,-10.8124541242832,-7.489819713997218,0.0,1
3065,6,0,-1,-8.665257759786487,-6.796998679691007,0.0,1
3066,0,0,-1,-10.716700677816238,-6.533205794116594,0.0,1
3067,1,0,-1,-7.968114492580399,-6.306134785614261,0.0,1
3068,2,0,-1,-7.889414395277449,-7.166023381998414,0.0,1
3069,3,0,-1,-5.338384996574487,-9.803903880951474,0.0,1
3070,4,0,-1,-7.335563141051823,-9.386124202956697,0.0,1
3071,5,0,-1,-8.533412911203168,-7.348403296419579,0.0,1
3072,6,0,-1,-10.36919886106417,-5.489341933038389,0.0,1
3073,0,0,-1,-8.98332844976921,-5.187500077166887,0.0,1
3074,1,0,-1,-7.489819713997218,-4.4498893478538575,0.0,1
3075,2,0,-1,-6.796998679691007,-6.698885409646243,0.0,1
3076,3,0,-1,-6.533205794116594,-8.492778862397174,0.0,1
3077,4,0,-1,-6.306134785614261,-7.9880655795432824,0.0,1
3078,5,0,-1,-7.166023381998414,-7.916916804778172,0.0,1
3079,6,0,-1,-9.803903880951474,-4.947178541755044,0.0,1
3080,0,0,-1,-9.386124202956697,-5.574259378609446,0.0,1
3081,1,1,-1,-7.348403296419579,-4.5043501286267285,0.0,1
3082,2,1,-1,-5.489341933038389,-9.365775795294242,0.0,1
3083,3,1,-1,-5.187500077166887,-9.744534645346473,0.0,1
3084,4,1,-1,-4.4498893478538575,-9.177828555030784,0.0,1
3085,5,1,-1,-6.698885409646243,-6.091929326557562,0.0,1
3086,6,1,-1,-8.492778862397174,-5.826613727172714,0.0,1
3087,0,1,-1,-7.9880655795432824,-5.190752468674875,0.0,1
3088,1,1,-1,-7.916916804778172,-5.336633882095148,0.0,1
3089,2,1,-1,-4.947178541755044,-8.684189118646486,0.0,1
3090,3,1,-1,-5.574259378609446,2.4217864306278916,0.0,1
3091,4,1,-1,-4.5043501286267285,3.181694514569969,0.0,1
3092,5,1,-1,-9.365775795294242,0.8977323385282125,0.0,1
3093,6,1,-1,-9.744534645346473,3.5905956050964702,0.0,1
3094,0,1,-1,-9.177828555030784,4.222950476464114,0.0,1
3095,1,1,-1,-6.091929326557562,5.3633131593377374,0.0,1
3096,2,1,-1,-5.826613727172714,1.3469924179171124,0.0,1
3097,3,1,-1,-5.190752468674875,-9.296225716398917,0.0,1
3098,4,1,-1,-5.336633882095148,-7.293188137760554,0.0,1
3099,5,1,-1,-8.684189118646486,-6.9129325643398865,0.0,1
3100,6,1,0,2.4217864306278916,-5.129599142895031,0.0,1
3101,0,1,0,3.181694514569969,-4.697718620478662,0.0,1
3102,1,1,0,0.8977323385282125,-5.236639488166778,0.0,1
3103,2,1,0,3.5905956050964702,-8.502845095654367,0.0,1
3104,3,1,0,4.222950476464114,-9.18479279799485,0.0,1
3105,4,1,0,5.3633131593377374,-7.68717789136532,0.0,1
3106,5,1,0,1.3469924179171124,-4.967261189113065,0.0,1
3107,6,1,-1,-9.296225716398917,-6.578529543669138,0.0,1
3108,0,1,-1,-7.293188137760554,-5.299799163352502,0.0,1
3109,1,2,-1,-6.9129325643398865,-5.126871576448394,0.0,1
3110,2,2,-1,-5.129599142895031,-8.09911366863834,0.0,1
3111,3,2,-1,-4.697718620478662,-9.165322123545678,0.0,1
3112,4,2,-1,-5.236639488166778,-9.173348233268085,0.0,1
3113,5,2,-1,-8.502845095654367,-8.109855058930242,0.0,1
3114,6,2,-1,-9.18479279799485,-4.922448005696974,0.0,1
3115,0,2,-1,-7.68717789136532,-5.5113418654420165,0.0,1
3116,1,2,-1,-4.967261189113065,-4.140511678866939,0.0,1
3117,2,2,-1,-6.578529543669138,-8.445294621740175,0.0,1
3118,3,2,-1,-5.299799163352502,-9.480650387896857,0.0,1
3119,4,2,-1,-5.126871576448394,-6.789954705191146,0.0,1
3120,5,2,-1,-8.09911366863834,-6.155160862009077,0.0,1
3121,6,2,-1,-9.165322123545678,-5.862857568781194,0.0,1
3122,0,2,-1,-9.173348233268085,-7.336621791979592,0.0,1
3123,1,2,-1,-8.109855058930242,-4.250035800782865,0.0,1
3124,2,2,-1,-4.922448005696974,-9.834662111077105,0.0,1
3125,3,2,-1,-5.5113418654420165,-8.945808872240665,0.0,1
3126,4,2,-1,-4.140511678866939,-6.726462480275206,0.0,1
3127,5,2,-1,-8.445294621740175,-6.99148225425751,0.0,1
3128,6,2,-1,-9.480650387896857,-5.467898901029809,0.0,1
3129,0,3,-1,-6.789954705191146,-3.8370147385345,0.0,1
3130,1,3,-1,-6.155160862009077,-4.537464582133427,0.0,1
3131,2,3,-1,-5.862857568781194,-8.568880453656982,0.0,1
3132,3,3,-1,-7.336621791979592,-6.645846876328295,0.0,1
3133,4,3,-1,-4.250035800782865,-6.068591414476954,0.0,1
3134,5,3,-1,-9.834662111077105,-7.074784847728263,0.0,1
3135,6,3,-1,-8.945808872240665,-5.203087894229144,0.0,1
3136,0,3,-1,-6.726462480275206,-5.827094440688904,0.0,1
3137,1,3,-1,-6.99148225425751,-4.7170113329138585,0.0,1
3138,2,3,-1,-5.467898901029809,-8.528454009096444,0.0,1
3139,3,4,-1,-3.8370147385345,-7.464571326200517,0.0,1
3140,4,4,-1,-4.537464582133427,-7.592045355514776,0.0,1
3141,5,4,-1,-8.568880453656982,-6.760332926475048,0.0,1
3142,6,4,-1,-6.645846876328295,-5.392328601975175,0.0,1
3143,0,4,-1,-6.068591414476954,-4.287752254242834,0.0,1
3144,1,4,-1,-7.074784847728263,-4.894756451200996,0.0,1
3145,2,4,-1,-5.203087894229144,-8.70763129238566,0.0,1
3146,3,4,-1,-5.827094440688904,-9.026135251981556,0.0,1
3147,4,4,-1,-4.7170113329138585,-6.796483040829813,0.0,1
3148,5,4,-1,-8.528454009096444,-7.5062724744090135,0.0,1
3149,6,4,-1,-7.464571326200517,-4.612887495442886,0.0,1
3150,0,4,-1,-7.592045355514776,-4.366122779747672,0.0,1
3151,1,4,-1,-6.760332926475048,-3.7687853209474826,0.0,1
3152,2,4,-1,-5.392328601975175,-6.9106566971756065,0.0,1
3153,3,4,-1,-4.287752254242834,-8.11266781666013,0.0,1
3154,4,4,-1,-4.894756451200996,-6.485836374223876,0.0,1
3155,5,4,-1,-8.70763129238566,-6.531172561394799,0.0,1
3156,6,4,-1,-9.026135251981556,-4.956105733919926,0.0,1
3157,0,4,-1,-6.796483040829813,-3.607753533472849,0.0,1
3158,1,4,-1,-7.5062724744090135,-5.137487066128985,0.0,1
3159,2,4,-1,-4.612887495442886,-6.5999046197394495,0.0,1
3160,3,4,-1,-4.366122779747672,-8.696279200303495,0.0,1
3161,4,4,-1,-3.7687853209474826,-6.562390135027706,0.0,1
3162,5,4,-1,-6.9106566971756065,-5.280134954490601,0.0,1
3163,6,4,-1,-8.11266781666013,-4.934803765600575,0.0,1
3164,0,4,-1,-6.485836374223876,-4.623155054835113,0.0,1
3165,1,4,-1,-6.531172561394799,-4.489958150141671,0.0,1
3166,2,4,-1,-4.956105733919926,-6.104857251214279,0.0,1
3167,3,4,-1,-3.607753533472849,-8.465941175492476,0.0,1
3168,4,4,-1,-5.137487066128985,-7.655463464752315,0.0,1
3169,5,4,-1,-6.5999046197394495,-8.13380954412784,0.0,1
3170,6,4,-1,-8.696279200303495,-6.799710516954653,0.0,1
3171,0,4,-1,-6.562390135027706,-4.8628444004403075,0.0,1
3172,1,0,-1,-5.280134954490601,-3.7598143170925007,0.0,1
3173,2,0,-1,-4.934803765600575,-7.791703970331564,0.0,1
3174,3,0,-1,-4.623155054835113,-7.4149740546540155,0.0,1
3175,4,0,-1,-4.489958150141671,-6.679070478368891,0.0,1
3176,5,0,-1,-6.104857251214279,-6.168144830160169,0.0,1
3177,6,0,-1,-8.465941175492476,-5.249608289757924,0.0,1
3178,0,0,-1,-7.655463464752315,-3.936214582254067,0.0,1
3179,1,0,-1,-8.13380954412784,-3.9799340992983603,0.0,1
3180,2,0,-1,-6.799710516954653,-5.9534893617272955,0.0,1
3181,3,0,-1,-4.8628444004403075,-9.790494218168028,0.0,1
3182,4,0,-1,-3.7598143170925007,-7.502353933745471,0.0,1
3183,5,0,-1,-7.791703970331564,-6.25022256717913,0.0,1
3184,6,0,-1,-7.4149740546540155,-5.423149365625962,0.0,1
3185,0,0,-1,-6.679070478368891,-4.832715280108438,0.0,1
3186,1,0,-1,-6.168144830160169,-2.4759072071870016,0.0,1
3187,2,0,-1,-5.249608289757924,-8.688497299532438,0.0,1
3188,3,0,-1,-3.936214582254067,-8.645938501354538,0.0,1
3189,4,0,-1,-3.9799340992983603,-7.305794848828574,0.0,1
3190,5,0,-1,-5.9534893617272955,6.530360884230699,0.0,1
3191,6,0,-1,-9.790494218168028,5.288606581573848,0.0,1
3192,0,0,-1,-7.502353933745471,3.4276987429672405,0.0,1
3193,1,0,-1,-6.25022256717913,6.650957602056328,0.0,1
3194,2,0,-1,-5.423149365625962,3.605624247437402,0.0,1
3195,3,0,-1,-4.832715280108438,3.937419243480405,0.0,1
3196,4,0,-1,-2.4759072071870016,5.502654699815238,0.0,1
3197,5,0,-1,-8.688497299532438,-5.485367825213817,0.0,1
3198,6,0,-1,-8.645938501354538,-4.6707978124434515,0.0,1
3199,0,0,-1,-7.305794848828574,-3.7950736046038416,0.0,1
3200,1,0,0,6.530360884230699,-3.4429664001196314,0.0,1
3201,2,0,0,5.288606581573848,-6.661144972750305,0.0,1
3202,3,0,0,3.4276987429672405,-7.001401686769552,0.0,1
3203,4,1,0,6.650957602056328,-4.839592234859496,0.0,1
3204,5,1,0,3.605624247437402,-5.779122740881288,0.0,1
3205,6,1,0,3.937419243480405,-4.872388916317908,0.0,1
3206,0,1,0,5.502654699815238,-3.6607052859016256,0.0,1
3207,1,1,-1,-5.485367825213817,-1.864167680262677,0.0,1
3208,2,1,-1,-4.6707978124434515,-6.490497553373402,0.0,1
3209,3,1,-1,-3.7950736046038416,-6.909277840587556,0.0,1
3210,4,1,-1,-3.4429664001196314,-6.740235433849321,0.0,1
3211,5,1,-1,-6.661144972750305,-5.320108886183632,0.0,1
3212,6,1,-1,-7.001401686769552,-4.364962412829647,0.0,1
3213,0,1,-1,-4.839592234859496,-3.104712477060418,0.0,1
3214,1,1,-1,-5.779122740881288,-2.747496880090486,0.0,1
3215,2,1,-1,-4.872388916317908,-7.378155365691814,0.0,1
3216,3,1,-1,-3.6607052859016256,-7.771757001041428,0.0,1
3217,4,1,-1,-1.864167680262677,-6.694416654779931,0.0,1
3218,5,1,-1,-6.490497553373402,-6.526125025859063,0.0,1
3219,6,1,-1,-6.909277840587556,-4.0458244598813655,0.0,1
3220,0,1,-1,-6.740235433849321,-4.826397956600685,0.0,1
3221,1,1,-1,-5.320108886183632,-2.943909636772,0.0,1
3222,2,1,-1,-4.364962412829647,-6.688295615171815,0.0,1
3223,3,1,-1,-3.104712477060418,-6.594333100138365,0.0,1
3224,4,1,-1,-2.747496880090486,-4.006381235424106,0.0,1
3225,5,1,-1,-7.378155365691814,-6.368227627091741,0.0,1
3226,6,1,-1,-7.771757001041428,-3.7391416474461217,0.0,1
3227,0,1,-1,-6.694416654779931,-5.041273148627897,0.0,1
3228,1,1,-1,-6.526125025859063,-2.8092570400096744,0.0,1
3229,2,1,-1,-4.0458244598813655,-6.7235009672252275,0.0,1
3230,3,1,-1,-4.826397956600685,-5.869811099931726,0.0,1
3231,4,2,-1,-2.943909636772,-6.516052345551921,0.0,1
3232,5,2,-1,-6.688295615171815,-2.3731516934542514,0.0,1
3233,6,2,-1,-6.594333100138365,-3.728335233133578,0.0,1
3234,0,2,-1,-4.006381235424106,-4.223380007237725,0.0,1
3235,1,2,-1,-6.368227627091741,-1.7278849252782673,0.0,1
3236,2,2,-1,-3.7391416474461217,-7.779846306583993,0.0,1
3237,3,2,-1,-5.041273148627897,-4.695470428958947,0.0,1
3238,4,2,-1,-2.8092570400096744,-7.358536393331621,0.0,1
3239,5,2,-1,-6.7235009672252275,-5.370274679580999,0.0,1
3240,6,2,-1,-5.869811099931726,-3.5520780642042444,0.0,1
3241,0,2,-1,-6.516052345551921,-5.3629215237766745,0.0,1
3242,1,2,-1,-2.3731516934542514,-3.485824349604801,0.0,1
3243,2,2,-1,-3.728335233133578,-5.965438048804789,0.0,1
3244,3,2,-1,-4.223380007237725,-4.959679221056329,0.0,1
3245,4,2,-1,-1.7278849252782673,-4.944642427109791,0.0,1
3246,5,2,-1,-7.779846306583993,-6.220290286315901,0.0,1
3247,6,2,-1,-4.695470428958947,-3.0811176119690824,0.0,1
3248,0,2,-1,-7.358536393331621,-3.0591477353701078,0.0,1
3249,1,2,-1,-5.370274679580999,-2.9081922706346046,0.0,1
3250,2,2,-1,-3.5520780642042444,-4.451521138149408,0.0,1
3251,3,3,-1,-5.3629215237766745,-6.132802590128646,0.0,1
3252,4,3,-1,-3.485824349604801,-4.947914335604634,0.0,1
3253,5,3,-1,-5.965438048804789,-6.0693251779107875,0.0,1
3254,6,3,-1,-4.959679221056329,-4.644030760573016,0.0,1
3255,0,3,-1,-4.944642427109791,-5.239926945117367,0.0,1
3256,1,3,-1,-6.220290286315901,-2.9344126553452305,0.0,1
3257,2,3,-1,-3.0811176119690824,-4.199398908505247,0.0,1
3258,3,3,-1,-3.0591477353701078,-7.7466564683474335,0.0,1
3259,4,3,-1,-2.9081922706346046,-5.618648853332824,0.0,1
3260,5,3,-1,-4.451521138149408,-3.6488994128348895,0.0,1
3261,6,4,-1,-6.132802590128646,-2.471624321501552,0.0,1
3262,0,4,-1,-4.947914335604634,-3.9333819972875492,0.0,1
3263,1,4,-1,-6.0693251779107875,-2.8078135248542,0.0,1
3264,2,4,-1,-4.644030760573016,-6.805471929517616,0.0,1
3265,3,4,-1,-5.239926945117367,-4.182970442136396,0.0,1
3266,4,4,-1,-2.9344126553452305,-4.160836419023414,0.0,1
3267,5,4,-1,-4.199398908505247,-5.7201635316400585,0.0,1
3268,6,4,-1,-7.7466564683474335,-3.063021578426074,0.0,1
3269,0,4,-1,-5.618648853332824,-4.349562266525206,0.0,1
3270,1,4,-1,-3.6488994128348895,-2.6151992243023203,0.0,1
3271,2,4,-1,-2.471624321501552,-6.059054835953153,0.0,1
3272,3,4,-1,-3.9333819972875492,-3.618388616673238,0.0,1
3273,4,4,-1,-2.8078135248542,-5.177505734810632,0.0,1
3274,5,4,-1,-6.805471929517616,-3.1858243638694193,0.0,1
3275,6,4,-1,-4.182970442136396,-2.2810543548310784,0.0,1
3276,0,4,-1,-4.160836419023414,-4.180703126657992,0.0,1
3277,1,4,-1,-5.7201635316400585,-2.1435878306039413,0.0,1
3278,2,4,-1,-3.063021578426074,-5.438186635322632,0.0,1
3279,3,4,-1,-4.349562266525206,-3.1601296898755797,0.0,1
3280,4,4,-1,-2.6151992243023203,-4.386051046330179,0.0,1
3281,5,4,-1,-6.059054835953153,-4.22015154902868,0.0,1
3282,6,4,-1,-3.618388616673238,-2.929454797080047,0.0,1
3283,0,4,-1,-5.177505734810632,-3.1195727316363917,0.0,1
3284,1,4,-1,-3.1858243638694193,-1.8733761946785243,0.0,1
3285,2,4,-1,-2.2810543548310784,-4.751690729861607,0.0,1
3286,3,4,-1,-4.180703126657992,-5.650873205981695,0.0,1
3287,4,4,-1,-2.1435878306039413,-4.000975775809445,0.0,1
3288,5,4,-1,-5.438186635322632,-4.957593683130343,0.0,1
3289,6,4,-1,-3.1601296898755797,-2.9683595843205466,0.0,1
3290,0,4,-1,-4.386051046330179,6.689060090431044,0.0,1
3291,1,4,-1,-4.22015154902868,8.404056977145379,0.0,1
3292,2,4,-1,-2.929454797080047,3.5568160312125845,0.0,1
3293,3,4,-1,-3.1195727316363917,5.889799900798653,0.0,1
3294,4,0,-1,-1.8733761946785243,7.176408587197418,0.0,1
3295,5,0,-1,-4.751690729861607,4.613237504489495,0.0,1
3296,6,0,-1,-5.650873205981695,8.030107114120293,0.0,1
3297,0,0,-1,-4.000975775809445,-1.0472192135415126,0.0,1
3298,1,0,-1,-4.957593683130343,-1.8661596440053998,0.0,1
3299,2,0,-1,-2.9683595843205466,-3.268820064802294,0.0,1
3300,3,0,0,6.689060090431044,-5.7567123613946745,0.0,1
3301,4,0,0,8.404056977145379,-5.019553324343498,0.0,1
3302,5,0,0,3.5568160312125845,-4.02557256465353,0.0,1
3303,6,0,0,5.889799900798653,-2.5315550713270776,0.0,1
3304,0,0,0,7.176408587197418,-2.0553769269578863,0.0,1
3305,1,0,0,4.613237504489495,-3.6848289273040393,0.0,1
3306,2,0,0,8.030107114120293,-3.69817097568738,0.0,1
3307,3,0,-1,-1.0472192135415126,-4.744611879278017,0.0,1
3308,4,0,-1,-1.8661596440053998,-2.0468623967255133,0.0,1
3309,5,0,-1,-3.268820064802294,-3.691216903677185,0.0,1
3310,6,0,-1,-5.7567123613946745,-2.726909735897908,0.0,1
3311,0,0,-1,-5.019553324343498,-3.8531716192668695,0.0,1
3312,1,0,-1,-4.02557256465353,-2.056530818268652,0.0,1
3313,2,0,-1,-2.5315550713270776,-3.9993457246003388,0.0,1
3314,3,0,-1,-2.0553769269578863,-5.120756520412576,0.0,1
3315,4,0,-1,-3.6848289273040393,-4.743726655696608,0.0,1
3316,5,0,-1,-3.69817097568738,-3.6564098915927565,0.0,1
3317,6,0,-1,-4.744611879278017,-3.244303844825953,0.0,1
3318,0,0,-1,-2.0468623967255133,-1.2580831253510936,0.0,1
3319,1,0,-1,-3.691216903677185,-0.9087237401701154,0.0,1
3320,2,0,-1,-2.726909735897908,-2.2631333931672772,0.0,1
3321,3,0,-1,-3.8531716192668695,-4.324959927358842,0.0,1
3322,4,0,-1,-2.056530818268652,-3.3270809583797183,0.0,1
3323,5,0,-1,-3.9993457246003388,-0.5559968499597638,0.0,1
3324,6,0,-1,-5.120756520412576,-3.9821819525767137,0.0,1
3325,0,1,-1,-4.743726655696608,-2.267223152750347,0.0,1
3326,1,1,-1,-3.6564098915927565,0.46706913955056106,0.0,1
3327,2,1,-1,-3.244303844825953,-4.529789279654754,0.0,1
3328,3,1,-1,-1.2580831253510936,-2.9232114268080487,0.0,1
3329,4,1,-1,-0.9087237401701154,-2.64923124613889,0.0,1
3330,5,1,-1,-2.2631333931672772,-3.0260791791535477,0.0,1
3331,6,1,-1,-4.324959927358842,-0.6841310207950473,0.0,1
3332,0,1,-1,-3.3270809583797183,-2.332471597995453,0.0,1
3333,1,1,-1,-0.5559968499597638,-1.4436605167033725,0.0,1
3334,2,1,-1,-3.9821819525767137,-2.958095659876372,0.0,1
3335,3,1,-1,-2.267223152750347,-2.27423331332099,0.0,1
3336,4,1,-1,0.46706913955056106,-3.651166160643759,0.0,1
3337,5,1,-1,-4.529789279654754,-0.9140987752486132,0.0,1
3338,6,1,-1,-2.9232114268080487,-2.355414523164266,0.0,1
3339,0,1,-1,-2.64923124613889,-1.7284417423590865,0.0,1
3340,1,1,-1,-3.0260791791535477,-0.128254868918797,0.0,1
3341,2,1,-1,-0.6841310207950473,-2.8239681562620618,0.0,1
3342,3,1,-1,-2.332471597995453,-3.562068674392893,0.0,1
3343,4,1,-1,-1.4436605167033725,-4.548599850828974,0.0,1
3344,5,1,-1,-2.958095659876372,-3.88619995155059,0.0,1
3345,6,1,-1,-2.27423331332099,-2.435364747306277,0.0,1
3346,0,1,-1,-3.651166160643759,-0.1824093677556924,0.0,1
3347,1,1,-1,-0.9140987752486132,-0.9988684717749895,0.0,1
3348,2,1,-1,-2.355414523164266,-2.429621104843824,0.0,1
3349,3,1,-1,-1.7284417423590865,-0.4326655582520602,0.0,1
3350,4,1,-1,-0.128254868918797,-3.7771590298569766,0.0,1
3351,5,1,-1,-2.8239681562620618,-3.111729586783518,0.0,1
3352,6,1,-1,-3.562068674392893,-2.2182412864611725,0.0,1
3353,0,2,-1,-4.548599850828974,-1.4478198408049396,0.0,1
3354,1,2,-1,-3.88619995155059,-1.1419371761919281,0.0,1
3355,2,2,-1,-2.435364747306277,-4.049269799416218,0.0,1
3356,3,2,-1,-0.1824093677556924,-2.868357719163307,0.0,1
3357,4,2,-1,-0.9988684717749895,-2.9846589930416014,0.0,1
3358,5,2,-1,-2.429621104843824,-1.4602372905803263,0.0,1
3359,6,2,-1,-0.4326655582520602,-2.2431135711238626,0.0,1
3360,0,2,-1,-3.7771590298569766,-2.4547707101705507,0.0,1
3361,1,2,-1,-3.111729586783518,-0.8009987482138263,0.0,1
3362,2,2,-1,-2.2182412864611725,-3.187159401076421,0.0,1
3363,3,2,-1,-1.4478198408049396,-4.733257728220895,0.0,1
3364,4,2,-1,-1.1419371761919281,-3.351513295730368,0.0,1
3365,5,2,-1,-4.049269799416218,-2.1641808506097626,0.0,1
3366,6,2,-1,-2.868357719163307,-2.309551083286128,0.0,1
3367,0,2,-1,-2.9846589930416014,-1.6652338521648506,0.0,1
3368,1,2,-1,-1.4602372905803263,0.15870032005723167,0.0,1
3369,2,2,-1,-2.2431135711238626,-2.7183518174572776,0.0,1
3370,3,2,-1,-2.4547707101705507,-2.903355774972971,0.0,1
3371,4,2,-1,-0.8009987482138263,-2.0942670010946274,0.0,1
3372,5,2,-1,-3.187159401076421,-1.839364656780052,0.0,1
3373,6,3,-1,-4.733257728220895,-1.162606272871744,0.0,1
3374,0,3,-1,-3.351513295730368,-0.7626180687140205,0.0,1
3375,1,3,-1,-2.1641808506097626,-1.6892495474021412,0.0,1
3376,2,3,-1,-2.309551083286128,-2.5617401699796902,0.0,1
3377,3,3,-1,-1.6652338521648506,-4.305070731404896,0.0,1
3378,4,3,-1,0.15870032005723167,0.35553993875927614,0.0,1
3379,5,3,-1,-2.7183518174572776,-1.3288077234180766,0.0,1
3380,6,3,-1,-2.903355774972971,-0.54910395376772,0.0,1
3381,0,3,-1,-2.0942670010946274,0.5099140935454294,0.0,1
3382,1,3,-1,-1.839364656780052,-0.5777715794310017,0.0,1
3383,2,4,-1,-1.162606272871744,-3.037916632808466,0.0,1
3384,3,4,-1,-0.7626180687140205,-1.7315883432172043,0.0,1
3385,4,4,-1,-1.6892495474021412,-2.049957958463406,0.0,1
3386,5,4,-1,-2.5617401699796902,-2.075266122353639,0.0,1
3387,6,4,-1,-4.305070731404896,-0.7973814263331414,0.0,1
3388,0,4,-1,0.35553993875927614,-0.41983205979165517,0.0,1
3389,1,4,-1,-1.3288077234180766,-0.8352229072044509,0.0,1
3390,2,4,-1,-0.54910395376772,8.005897533164026,0.0,1
3391,3,4,-1,0.5099140935454294,9.20711848670476,0.0,1
3392,4,4,-1,-0.5777715794310017,10.474141215290006,0.0,1
3393,5,4,-1,-3.037916632808466,8.745859734031,0.0,1
3394,6,4,-1,-1.7315883432172043,9.35130248043676,0.0,1
3395,0,4,-1,-2.049957958463406,8.74317165475645,0.0,1
3396,1,4,-1,-2.075266122353639,8.387424152260484,0.0,1
3397,2,4,-1,-0.7973814263331414,-0.9846451091263945,0.0,1
3398,3,4,-1,-0.41983205979165517,-1.0039300294868927,0.0,1
3399,4,4,-1,-0.8352229072044509,-0.7553921849521763,0.0,1
3400,5,4,0,8.005897533164026,-1.2599874791583263,0.0,1
3401,6,4,0,9.20711848670476,-1.2831936955887109,0.0,1
3402,0,4,0,10.474141215290006,-0.28787161875140643,0.0,1
3403,1,4,0,8.745859734031,-1.8004214400395826,0.0,1
3404,2,4,0,9.35130248043676,-4.08966985086777,0.0,1
3405,3,4,0,8.74317165475645,-0.10567224824571686,0.0,1
3406,4,4,0,8.387424152260484,-0.6177387074663053,0.0,1
3407,5,4,-1,-0.9846451091263945,-0.24137115212146365,0.0,1
3408,6,4,-1,-1.0039300294868927,-0.013147507980206474,0.0,1
3409,0,4,-1,-0.7553921849521763,0.17300177490478696,0.0,1
3410,1,4,-1,-1.2599874791583263,0.8584198813479397,0.0,1
3411,2,4,-1,-1.2831936955887109,-0.27961212023962634,0.0,1
3412,3,4,-1,-0.28787161875140643,-0.43540176742254555,0.0,1
3413,4,4,-1,-1.8004214400395826,-2.2064322045046434,0.0,1
3414,5,4,-1,-4.08966985086777,-0.6820570745311868,0.0,1
3415,6,4,-1,-0.10567224824571686,0.5688097977399086,0.0,1
3416,0,0,-1,-0.6177387074663053,0.45502194805891727,0.0,1
3417,1,0,-1,-0.24137115212146365,-1.3889977539995213,0.0,1
3418,2,0,-1,-0.013147507980206474,-1.2600225650880892,0.0,1
3419,3,0,-1,0.17300177490478696,-0.20090771903338667,0.0,1
3420,4,0,-1,0.8584198813479397,-0.5725002119210473,0.0,1
3421,5,0,-1,-0.27961212023962634,0.48356721308693584,0.0,1
3422,6,0,-1,-0.43540176742254555,-0.24241899405150197,0.0,1
3423,0,0,-1,-2.2064322045046434,1.1797786920624138,0.0,1
3424,1,0,-1,-0.6820570745311868,-1.261321942120838,0.0,1
3425,2,0,-1,0.5688097977399086,-2.3646369484432617,0.0,1
3426,3,0,-1,0.45502194805891727,-0.5985648232976006,0.0,1
3427,4,0,-1,-1.3889977539995213,-0.8496619533237117,0.0,1
3428,5,0,-1,-1.2600225650880892,-0.6075683456159949,0.0,1
3429,6,0,-1,-0.20090771903338667,-0.19823989684330418,0.0,1
3430,0,0,-1,-0.5725002119210473,0.4613969795157586,0.0,1
3431,1,0,-1,0.48356721308693584,1.0096360568492824,0.0,1
3432,2,0,-1,-0.24241899405150197,0.48654678272391605,0.0,1
3433,3,0,-1,1.1797786920624138,1.5217277475271604,0.0,1
3434,4,0,-1,-1.261321942120838,0.4076864284839394,0.0,1
3435,5,0,-1,-2.3646369484432617,-2.5075561401736297,0.0,1
3436,6,0,-1,-0.5985648232976006,-1.6414900208688121,0.0,1
3437,0,0,-1,-0.8496619533237117,0.32110053425196017,0.0,1
3438,1,0,-1,-0.6075683456159949,0.8906077237061905,0.0,1
3439,2,0,-1,-0.19823989684330418,-0.6132994114173078,0.0,1
3440,3,0,-1,0.4613969795157586,-1.1247770171463713,0.0,1
3441,4,0,-1,1.0096360568492824,-0.754477264672553,0.0,1
3442,5,0,-1,0.48654678272391605,1.4461563266551247,0.0,1
3443,6,0,-1,1.5217277475271604,-1.417564732644965,0.0,1
3444,0,0,-1,0.4076864284839394,0.20057186028886229,0.0,1
3445,1,0,-1,-2.5075561401736297,-1.1670307293602182,0.0,1
3446,2,0,-1,-1.6414900208688121,-0.03181928185468956,0.0,1
3447,3,1,-1,0.32110053425196017,1.557488464387339,0.0,1
3448,4,1,-1,0.8906077237061905,-0.021164353478769826,0.0,1
3449,5,1,-1,-0.6132994114173078,0.5307336353445643,0.0,1
3450,6,1,-1,-1.1247770171463713,0.12961534953885873,0.0,1
3451,0,1,-1,-0.754477264672553,1.178420505131318,0.0,1
3452,1,1,-1,1.4461563266551247,0.6433394083105993,0.0,1
3453,2,1,-1,-1.417564732644965,-2.258538324011602,0.0,1
3454,3,1,-1,0.20057186028886229,-2.03262842290549,0.0,1
3455,4,1,-1,-1.1670307293602182,-0.02341972086128863,0.0,1
3456,5,1,-1,-0.03181928185468956,-0.29870994111551724,0.0,1
3457,6,1,-1,1.557488464387339,-0.15023601969198297,0.0,1
3458,0,1,-1,-0.021164353478769826,-0.9419696478171233,0.0,1
3459,1,1,-1,0.5307336353445643,1.2041088255101369,0.0,1
3460,2,1,-1,0.12961534953885873,1.6004293068255455,0.0,1
3461,3,1,-1,1.178420505131318,-0.19733168699526904,0.0,1
3462,4,1,-1,0.6433394083105993,-0.24640744996490238,0.0,1
3463,5,1,-1,-2.258538324011602,0.23483044819054752,0.0,1
3464,6,1,-1,-2.03262842290549,-0.3946019004051237,0.0,1
3465,0,1,-1,-0.02341972086128863,-0.8472925031715226,0.0,1
3466,1,1,-1,-0.29870994111551724,0.07494476402751954,0.0,1
3467,2,1,-1,-0.15023601969198297,-0.15973267026660865,0.0,1
3468,3,1,-1,-0.9419696478171233,1.8850530536022547,0.0,1
3469,4,1,-1,1.2041088255101369,-0.8602034216290231,0.0,1
3470,5,1,-1,1.6004293068255455,-0.2884279375756683,0.0,1
3471,6,1,-1,-0.19733168699526904,1.8849481715917864,0.0,1
3472,0,1,-1,-0.24640744996490238,0.09070029845263794,0.0,1
3473,1,1,-1,0.23483044819054752,0.5962641969425407,0.0,1
3474,2,1,-1,-0.3946019004051237,0.33732229353371457,0.0,1
3475,3,2,-1,-0.8472925031715226,0.6651218789518905,0.0,1
3476,4,2,-1,0.07494476402751954,3.2759710944934506,0.0,1
3477,5,2,-1,-0.15973267026660865,-0.0415616407402305,0.0,1
3478,6,2,-1,1.8850530536022547,-0.38416860473458736,0.0,1
3479,0,2,-1,-0.8602034216290231,1.8903181980239978,0.0,1
3480,1,2,-1,-0.2884279375756683,1.4544757467900298,0.0,1
3481,2,2,-1,1.8849481715917864,2.4609654670548924,0.0,1
3482,3,2,-1,0.09070029845263794,0.14456364515761488,0.0,1
3483,4,2,-1,0.5962641969425407,0.8708320339233118,0.0,1
3484,5,2,-1,0.33732229353371457,2.271102775787236,0.0,1
3485,6,2,-1,0.6651218789518905,1.8670372411857143,0.0,1
3486,0,2,-1,3.2759710944934506,1.4219930509009773,0.0,1
3487,1,2,-1,-0.0415616407402305,1.3539609990703705,0.0,1
3488,2,2,-1,-0.38416860473458736,2.10249297889811,0.0,1
3489,3,2,-1,1.8903181980239978,1.2016241220841046,0.0,1
3490,4,2,-1,1.4544757467900298,10.288620743775823,0.0,1
3491,5,2,-1,2.4609654670548924,10.957282066622213,0.0,1
3492,6,2,-1,0.14456364515761488,12.333755227930064,0.0,1
3493,0,2,-1,0.8708320339233118,11.430698115957908,0.0,1
3494,1,2,-1,2.271102775787236,10.496642760612014,0.0,1
3495,2,3,-1,1.8670372411857143,10.407622458258253,0.0,1
3496,3,3,-1,1.4219930509009773,11.784164638697119,0.0,1
3497,4,3,-1,1.3539609990703705,1.4455687474459225,0.0,1
3498,5,3,-1,2.10249297889811,0.48191568952180674,0.0,1
3499,6,3,-1,1.2016241220841046,1.89494673857968,0.0,1
3500,0,3,0,10.288620743775823,1.3798752322236094,0.0,1
3501,1,3,0,10.957282066622213,-0.5823305753739626,0.0,1
3502,2,3,0,12.333755227930064,2.6966011176267743,0.0,1
3503,3,3,0,11.430698115957908,2.089188174648142,0.0,1
3504,4,3,0,10.496642760612014,2.1602697245978733,0.0,1
3505,5,4,0,10.407622458258253,1.9680701559915568,0.0,1
3506,6,4,0,11.784164638697119,1.575804714025856,0.0,1
3507,0,4,-1,1.4455687474459225,-0.005566097682744742,0.0,1
3508,1,4,-1,0.48191568952180674,0.4626972114884109,0.0,1
3509,2,4,-1,1.89494673857968,-0.3233705602093382,0.0,1
3510,3,4,-1,1.3798752322236094,4.048538194686381,0.0,1
3511,4,4,-1,-0.5823305753739626,3.2153659139782764,0.0,1
3512,5,4,-1,2.6966011176267743,1.4517654433080156,0.0,1
3513,6,4,-1,2.089188174648142,0.393663820299478,0.0,1
3514,0,4,-1,2.1602697245978733,2.3255117027682743,0.0,1
3515,1,4,-1,1.9680701559915568,0.5446634986556124,0.0,1
3516,2,4,-1,1.575804714025856,2.9705555938278994,0.0,1
3517,3,4,-1,-0.005566097682744742,2.845292244601885,0.0,1
3518,4,4,-1,0.4626972114884109,1.792725253209401,0.0,1
3519,5,4,-1,-0.3233705602093382,1.6576911621383557,0.0,1
3520,6,4,-1,4.048538194686381,2.8376652909751723,0.0,1
3521,0,4,-1,3.2153659139782764,1.3752096431474183,0.0,1
3522,1,4,-1,1.4517654433080156,0.12368170221206753,0.0,1
3523,2,4,-1,0.393663820299478,2.1726133731849284,0.0,1
3524,3,4,-1,2.3255117027682743,3.5792752100736576,0.0,1
3525,4,4,-1,0.5446634986556124,3.1363816619819147,0.0,1
3526,5,4,-1,2.9705555938278994,1.2286274508767063,0.0,1
3527,6,4,-1,2.845292244601885,0.40780254832971763,0.0,1
3528,0,4,-1,1.792725253209401,1.8473436615332444,0.0,1
3529,1,4,-1,1.6576911621383557,-0.10789885985482073,0.0,1
3530,2,4,-1,2.8376652909751723,3.319161511748581,0.0,1
3531,3,4,-1,1.3752096431474183,1.4430556737997327,0.0,1
3532,4,4,-1,0.12368170221206753,4.075246071012915,0.0,1
3533,5,4,-1,2.1726133731849284,2.7111156820078985,0.0,1
3534,6,4,-1,3.5792752100736576,1.8003749503671802,0.0,1
3535,0,4,-1,3.1363816619819147,0.4737093802486718,0.0,1
3536,1,4,-1,1.2286274508767063,1.8246781750704681,0.0,1
3537,2,4,-1,0.40780254832971763,3.2760303134044424,0.0,1
3538,3,0,-1,1.8473436615332444,3.157324050047517,0.0,1
3539,4,0,-1,-0.10789885985482073,2.066067808660611,0.0,1
3540,5,0,-1,3.319161511748581,2.708008061568276,0.0,1
3541,6,0,-1,1.4430556737997327,0.45636831251889154,0.0,1
3542,0,0,-1,4.075246071012915,3.3518463889585455,0.0,1
3543,1,0,-1,2.7111156820078985,1.8511461442314474,0.0,1
3544,2,0,-1,1.8003749503671802,3.0447571486025775,0.0,1
3545,3,0,-1,0.4737093802486718,3.533104783593511,0.0,1
3546,4,0,-1,1.8246781750704681,4.030641743523633,0.0,1
3547,5,0,-1,3.2760303134044424,2.4829410328564907,0.0,1
3548,6,0,-1,3.157324050047517,3.740787810753388,0.0,1
3549,0,0,-1,2.066067808660611,3.1022344809735696,0.0,1
3550,1,0,-1,2.708008061568276,1.767277524454618,0.0,1
3551,2,0,-1,0.45636831251889154,1.8489235610982286,0.0,1
3552,3,0,-1,3.3518463889585455,1.956104267721759,0.0,1
3553,4,0,-1,1.8511461442314474,2.480491745392873,0.0,1
3554,5,0,-1,3.0447571486025775,3.178590092646811,0.0,1
3555,6,0,-1,3.533104783593511,1.5222380289061062,0.0,1
3556,0,0,-1,4.030641743523633,1.0819901972529091,0.0,1
3557,1,0,-1,2.4829410328564907,1.7596817091971944,0.0,1
3558,2,0,-1,3.740787810753388,4.486157610197447,0.0,1
3559,3,0,-1,3.1022344809735696,2.814282652251493,0.0,1
3560,4,0,-1,1.767277524454618,1.5507534832169336,0.0,1
3561,5,0,-1,1.8489235610982286,2.2836397807466042,0.0,1
3562,6,0,-1,1.956104267721759,2.6200352832654294,0.0,1
3563,0,0,-1,2.480491745392873,3.304552004774892,0.0,1
3564,1,0,-1,3.178590092646811,2.2420452066031253,0.0,1
3565,2,0,-1,1.5222380289061062,3.4323535601044526,0.0,1
3566,3,0,-1,1.0819901972529091,3.7354616046046654,0.0,1
3567,4,0,-1,1.7596817091971944,3.2222637560189242,0.0,1
3568,5,0,-1,4.486157610197447,3.205569880130478,0.0,1
3569,6,1,-1,2.814282652251493,4.65114970507781,0.0,1
3570,0,1,-1,1.5507534832169336,3.0136902873081017,0.0,1
3571,1,1,-1,2.2836397807466042,2.9950972518587236,0.0,1
3572,2,1,-1,2.6200352832654294,2.87064464328059,0.0,1
3573,3,1,-1,3.304552004774892,3.0341104061082578,0.0,1
3574,4,1,-1,2.2420452066031253,1.9261830863086513,0.0,1
3575,5,1,-1,3.4323535601044526,3.4805143360252613,0.0,1
3576,6,1,-1,3.7354616046046654,1.5744114137530139,0.0,1
3577,0,1,-1,3.2222637560189242,3.877046938456134,0.0,1
3578,1,1,-1,3.205569880130478,1.6133657617411679,0.0,1
3579,2,1,-1,4.65114970507781,4.429891681072928,0.0,1
3580,3,1,-1,3.0136902873081017,4.4148146872005585,0.0,1
3581,4,1,-1,2.9950972518587236,3.937407855666989,0.0,1
3582,5,1,-1,2.87064464328059,2.9927984641410283,0.0,1
3583,6,1,-1,3.0341104061082578,2.499477340278862,0.0,1
3584,0,1,-1,1.9261830863086513,4.056103785575049,0.0,1
3585,1,1,-1,3.4805143360252613,2.631244314686998,0.0,1
3586,2,1,-1,1.5744114137530139,3.6379323193108104,0.0,1
3587,3,1,-1,3.877046938456134,5.173366949258416,0.0,1
3588,4,1,-1,1.6133657617411679,3.3100891590589523,0.0,1
3589,5,1,-1,4.429891681072928,3.0663617796644487,0.0,1
3590,6,1,-1,4.4148146872005585,14.54367004930133,0.0,1
3591,0,1,-1,3.937407855666989,11.404407348615301,0.0,1
3592,1,1,-1,2.9927984641410283,11.48479795616166,0.0,1
3593,2,1,-1,2.499477340278862,14.983435445215141,0.0,1
3594,3,1,-1,4.056103785575049,13.016506263995607,0.0,1
3595,4,1,-1,2.631244314686998,13.79177180520917,0.0,1
3596,5,1,-1,3.6379323193108104,13.488506986048483,0.0,1
3597,6,2,-1,5.173366949258416,4.993212800433371,0.0,1
3598,0,2,-1,3.3100891590589523,4.005901839394069,0.0,1
3599,1,2,-1,3.0663617796644487,2.421872676813163,0.0,1
3600,2,2,0,14.54367004930133,3.351347617503092,0.0,1
3601,3,2,0,11.404407348615301,3.452905579582533,0.0,1
3602,4,2,0,11.48479795616166,4.638371589638246,0.0,1
3603,5,2,0,14.983435445215141,5.667355660867089,0.0,1
3604,6,2,0,13.016506263995607,5.7748721684870965,0.0,1
3605,0,2,0,13.79177180520917,1.9192551454589832,0.0,1
3606,1,2,0,13.488506986048483,1.851756366734287,0.0,1
3607,2,2,-1,4.993212800433371,3.6551646566704172,0.0,1
3608,3,2,-1,4.005901839394069,4.344483803443232,0.0,1
3609,4,2,-1,2.421872676813163,5.185923255828265,0.0,1
3610,5,2,-1,3.351347617503092,4.748764077253962,0.0,1
3611,6,2,-1,3.452905579582533,3.698857268620762,0.0,1
3612,0,2,-1,4.638371589638246,3.9867158321001326,0.0,1
3613,1,2,-1,5.667355660867089,1.3335690833576632,0.0,1
3614,2,2,-1,5.7748721684870965,5.923817237853808,0.0,1
3615,3,2,-1,1.9192551454589832,3.0687448044901973,0.0,1
3616,4,2,-1,1.851756366734287,4.979533249872402,0.0,1
3617,5,3,-1,3.6551646566704172,5.002456677735912,0.0,1
3618,6,3,-1,4.344483803443232,3.278706204095061,0.0,1
3619,0,3,-1,5.185923255828265,4.223732933802961,0.0,1
3620,1,3,-1,4.748764077253962,1.6079591483073532,0.0,1
3621,2,3,-1,3.698857268620762,5.282790309149419,0.0,1
3622,3,3,-1,3.9867158321001326,5.379287687491393,0.0,1
3623,4,3,-1,1.3335690833576632,5.307007802914769,0.0,1
3624,5,3,-1,5.923817237853808,3.7431290912431976,0.0,1
3625,6,3,-1,3.0687448044901973,3.4301844317523473,0.0,1
3626,0,3,-1,4.979533249872402,2.182715566948949,0.0,1
3627,1,4,-1,5.002456677735912,3.8410879759011873,0.0,1
3628,2,4,-1,3.278706204095061,5.533311083625226,0.0,1
3629,3,4,-1,4.223732933802961,4.712755157106348,0.0,1
3630,4,4,-1,1.6079591483073532,3.814093849726487,0.0,1
3631,5,4,-1,5.282790309149419,7.256172850691707,0.0,1
3632,6,4,-1,5.379287687491393,3.458450541591519,0.0,1
3633,0,4,-1,5.307007802914769,2.3499602473415457,0.0,1
3634,1,4,-1,3.7431290912431976,3.7524936219282528,0.0,1
3635,2,4,-1,3.4301844317523473,5.872040684402445,0.0,1
3636,3,4,-1,2.182715566948949,5.733878746710502,0.0,1
3637,4,4,-1,3.8410879759011873,5.2480959831595175,0.0,1
3638,5,4,-1,5.533311083625226,3.7937890368751384,0.0,1
3639,6,4,-1,4.712755157106348,4.4307652618568,0.0,1
3640,0,4,-1,3.814093849726487,2.889345001121062,0.0,1
3641,1,4,-1,7.256172850691707,3.54474196595811,0.0,1
3642,2,4,-1,3.458450541591519,6.148422866258485,0.0,1
3643,3,4,-1,2.3499602473415457,5.698651367126642,0.0,1
3644,4,4,-1,3.7524936219282528,5.404008965671956,0.0,1
3645,5,4,-1,5.872040684402445,4.56359803543997,0.0,1
3646,6,4,-1,5.733878746710502,2.994549946193812,0.0,1
3647,0,4,-1,5.2480959831595175,3.701661354739136,0.0,1
3648,1,4,-1,3.7937890368751384,3.8679034412342417,0.0,1
3649,2,4,-1,4.4307652618568,5.356109031756459,0.0,1
3650,3,4,-1,2.889345001121062,6.6443025653562335,0.0,1
3651,4,4,-1,3.54474196595811,4.984772228591311,0.0,1
3652,5,4,-1,6.148422866258485,5.804444296332727,0.0,1
3653,6,4,-1,5.698651367126642,5.2108330059133126,0.0,1
3654,0,4,-1,5.404008965671956,3.8809603801628247,0.0,1
3655,1,4,-1,4.56359803543997,2.351738100378404,0.0,1
3656,2,4,-1,2.994549946193812,5.77320117458612,0.0,1
3657,3,4,-1,3.701661354739136,5.919059207972686,0.0,1
3658,4,4,-1,3.8679034412342417,6.038900415219121,0.0,1
3659,5,4,-1,5.356109031756459,5.12959953684579,0.0,1
3660,6,0,-1,6.6443025653562335,4.996460675344601,0.0,1
3661,0,0,-1,4.984772228591311,3.775608370333292,0.0,1
3662,1,0,-1,5.804444296332727,3.0804538515520354,0.0,1
3663,2,0,-1,5.2108330059133126,5.859628833137853,0.0,1
3664,3,0,-1,3.8809603801628247,7.983583365247496,0.0,1
3665,4,0,-1,2.351738100378404,4.739708441928748,0.0,1
3666,5,0,-1,5.77320117458612,5.2341481472434,0.0,1
3667,6,0,-1,5.919059207972686,4.318531418026191,0.0,1
3668,0,0,-1,6.038900415219121,4.164536622107415,0.0,1
3669,1,0,-1,5.12959953684579,3.42303106840691,0.0,1
3670,2,0,-1,4.996460675344601,7.927674683804783,0.0,1
3671,3,0,-1,3.775608370333292,6.891118846041927,0.0,1
3672,4,0,-1,3.0804538515520354,5.5936409205472435,0.0,1
3673,5,0,-1,5.859628833137853,5.12572026248228,0.0,1
3674,6,0,-1,7.983583365247496,5.869581985767352,0.0,1
3675,0,0,-1,4.739708441928748,3.6534213025894235,0.0,1
3676,1,0,-1,5.2341481472434,2.5297232203524964,0.0,1
3677,2,0,-1,4.318531418026191,6.114822142522119,0.0,1
3678,3,0,-1,4.164536622107415,8.00944162177488,0.0,1
3679,4,0,-1,3.42303106840691,5.598690359230975,0.0,1
3680,5,0,-1,7.927674683804783,6.801238626586227,0.0,1
3681,6,0,-1,6.891118846041927,5.030431043293143,0.0,1
3682,0,0,-1,5.5936409205472435,2.074053506378823,0.0,1
3683,1,0,-1,5.12572026248228,5.221656525759823,0.0,1
3684,2,0,-1,5.869581985767352,7.934588899346132,0.0,1
3685,3,0,-1,3.6534213025894235,4.7822576430333035,0.0,1
3686,4,0,-1,2.5297232203524964,6.813231766928383,0.0,1
3687,5,0,-1,6.114822142522119,7.356611778717195,0.0,1
3688,6,0,-1,8.00944162177488,6.799974946103719,0.0,1
3689,0,0,-1,5.598690359230975,3.7165569953077218,0.0,1
3690,1,0,-1,6.801238626586227,14.421187452386395,0.0,1
3691,2,1,-1,5.030431043293143,19.096559893709582,0.0,1
3692,3,1,-1,2.074053506378823,16.468086530537114,0.0,1
3693,4,1,-1,5.221656525759823,17.861722401983663,0.0,1
3694,5,1,-1,7.934588899346132,15.373144766607645,0.0,1
3695,6,1,-1,4.7822576430333035,16.490521883193978,0.0,1
3696,0,1,-1,6.813231766928383,15.232015746238131,0.0,1
3697,1,1,-1,7.356611778717195,4.197632239840395,0.0,1
3698,2,1,-1,6.799974946103719,7.733996787412828,0.0,1
3699,3,1,-1,3.7165569953077218,7.7883612589961855,0.0,1
3700,4,1,0,14.421187452386395,8.157523544522865,0.0,1
3701,5,1,0,19.096559893709582,6.408592249411443,0.0,1
3702,6,1,0,16.468086530537114,5.472383389674617,0.0,1
3703,0,1,0,17.861722401983663,4.269539034929455,0.0,1
3704,1,1,0,15.373144766607645,3.9209720303768187,0.0,1
3705,2,1,0,16.490521883193978,8.430623149470408,0.0,1
3706,3,1,0,15.232015746238131,6.258837154638668,0.0,1
3707,4,1,-1,4.197632239840395,6.459076580196089,0.0,1
3708,5,1,-1,7.733996787412828,5.635664926100387,0.0,1
3709,6,1,-1,7.7883612589961855,5.679943806265184,0.0,1
3710,0,1,-1,8.157523544522865,2.6028381804318568,0.0,1
3711,1,1,-1,6.408592249411443,3.742071011563817,0.0,1
3712,2,1,-1,5.472383389674617,8.508714856801399,0.0,1
3713,3,1,-1,4.269539034929455,6.287314573420541,0.0,1
3714,4,1,-1,3.9209720303768187,7.229781063164185,0.0,1
3715,5,1,-1,8.430623149470408,6.396063615176902,0.0,1
3716,6,1,-1,6.258837154638668,4.202343020249373,0.0,1
3717,0,1,-1,6.459076580196089,4.831520800581422,0.0,1
3718,1,1,-1,5.635664926100387,4.275174458776504,0.0,1
3719,2,2,-1,5.679943806265184,7.412206634699493,0.0,1
3720,3,2,-1,2.6028381804318568,7.725023509102254,0.0,1
3721,4,2,-1,3.742071011563817,7.855477123762559,0.0,1
3722,5,2,-1,8.508714856801399,4.142678317147335,0.0,1
3723,6,2,-1,6.287314573420541,7.03408939043285,0.0,1
3724,0,2,-1,7.229781063164185,4.075050207708839,0.0,1
3725,1,2,-1,6.396063615176902,4.107968508501918,0.0,1
3726,2,2,-1,4.202343020249373,8.296642242773231,0.0,1
3727,3,2,-1,4.831520800581422,8.376340982715785,0.0,1
3728,4,2,-1,4.275174458776504,6.557598099768234,0.0,1
3729,5,2,-1,7.412206634699493,5.59871634884065,0.0,1
3730,6,2,-1,7.725023509102254,5.921829000990595,0.0,1
3731,0,2,-1,7.855477123762559,4.540593941257033,0.0,1
3732,1,2,-1,4.142678317147335,4.142781733310405,0.0,1
3733,2,2,-1,7.03408939043285,6.601801042286906,0.0,1
3734,3,2,-1,4.075050207708839,7.400293413708552,0.0,1
3735,4,2,-1,4.107968508501918,6.928725514165623,0.0,1
3736,5,2,-1,8.296642242773231,8.115719406485818,0.0,1
3737,6,2,-1,8.376340982715785,4.351414740503833,0.0,1
3738,0,2,-1,6.557598099768234,5.227709968635779,0.0,1
3739,1,3,-1,5.59871634884065,3.545711901528947,0.0,1
3740,2,3,-1,5.921829000990595,8.328519936087122,0.0,1
3741,3,3,-1,4.540593941257033,6.919137756752775,0.0,1
3742,4,3,-1,4.142781733310405,6.7675295335508645,0.0,1
3743,5,3,-1,6.601801042286906,7.445041078833109,0.0,1
3744,6,3,-1,7.400293413708552,5.594216456294404,0.0,1
3745,0,3,-1,6.928725514165623,3.5039921922913435,0.0,1
3746,1,3,-1,8.115719406485818,1.6601242264701388,0.0,1
3747,2,3,-1,4.351414740503833,8.345885971196463,0.0,1
3748,3,3,-1,5.227709968635779,9.198168693205428,0.0,1
3749,4,4,-1,3.545711901528947,6.742759598376284,0.0,1
3750,5,4,-1,8.328519936087122,6.493958090879296,0.0,1
3751,6,4,-1,6.919137756752775,6.290620699827354,0.0,1
3752,0,4,-1,6.7675295335508645,4.929814922358425,0.0,1
3753,1,4,-1,7.445041078833109,5.78949086153228,0.0,1
3754,2,4,-1,5.594216456294404,8.545113618897384,0.0,1
3755,3,4,-1,3.5039921922913435,6.616803918951931,0.0,1
3756,4,4,-1,1.6601242264701388,5.6992923269429525,0.0,1
3757,5,4,-1,8.345885971196463,6.618537926959769,0.0,1
3758,6,4,-1,9.198168693205428,7.73982156337601,0.0,1
3759,0,4,-1,6.742759598376284,6.028344596325359,0.0,1
3760,1,4,-1,6.493958090879296,3.505270196968208,0.0,1
3761,2,4,-1,6.290620699827354,7.198982419819385,0.0,1
3762,3,4,-1,4.929814922358425,8.294531010512639,0.0,1
3763,4,4,-1,5.78949086153228,7.19855164780725,0.0,1
3764,5,4,-1,8.545113618897384,8.850968428634733,0.0,1
3765,6,4,-1,6.616803918951931,5.768706284823001,0.0,1
3766,0,4,-1,5.6992923269429525,5.207361791083399,0.0,1
3767,1,4,-1,6.618537926959769,5.042611673386338,0.0,1
3768,2,4,-1,7.73982156337601,7.03433210646397,0.0,1
3769,3,4,-1,6.028344596325359,7.4101744435360075,0.0,1
3770,4,4,-1,3.505270196968208,8.624356257688767,0.0,1
3771,5,4,-1,7.198982419819385,8.19150128524678,0.0,1
3772,6,4,-1,8.294531010512639,6.169717687332384,0.0,1
3773,0,4,-1,7.19855164780725,7.735396473760821,0.0,1
3774,1,4,-1,8.850968428634733,5.400682349433845,0.0,1
3775,2,4,-1,5.768706284823001,8.037470178692402,0.0,1
3776,3,4,-1,5.207361791083399,7.871157429396595,0.0,1
3777,4,4,-1,5.042611673386338,8.190252305023915,0.0,1
3778,5,4,-1,7.03433210646397,6.311543491177678,0.0,1
3779,6,4,-1,7.4101744435360075,7.266550496950722,0.0,1
3780,0,4,-1,8.624356257688767,5.208297111855174,0.0,1
3781,1,4,-1,8.19150128524678,4.033136036593592,0.0,1
3782,2,0,-1,6.169717687332384,7.1996616340340385,0.0,1
3783,3,0,-1,7.735396473760821,9.053333462142385,0.0,1
3784,4,0,-1,5.400682349433845,7.069479605914413,0.0,1
3785,5,0,-1,8.037470178692402,7.227676548478808,0.0,1
3786,6,0,-1,7.871157429396595,6.6092318678398145,0.0,1
3787,0,0,-1,8.190252305023915,4.7406411323274025,0.0,1
3788,1,0,-1,6.311543491177678,4.348583640262743,0.0,1
3789,2,0,-1,7.266550496950722,7.246691718835005,0.0,1
3790,3,0,-1,5.208297111855174,21.333959027880258,0.0,1
3791,4,0,-1,4.033136036593592,19.28253191380599,0.0,1
3792,5,0,-1,7.1996616340340385,18.003351298489427,0.0,1
3793,6,0,-1,9.053333462142385,15.690505832437742,0.0,1
3794,0,0,-1,7.069479605914413,14.360794581872675,0.0,1
3795,1,0,-1,7.227676548478808,14.099352130028958,0.0,1
3796,2,0,-1,6.6092318678398145,18.453204959216226,0.0,1
3797,3,0,-1,4.7406411323274025,9.67297026701288,0.0,1
3798,4,0,-1,4.348583640262743,8.14119274979327,0.0,1
3799,5,0,-1,7.246691718835005,8.145909395866093,0.0,1
3800,6,0,0,21.333959027880258,8.015066871267631,0.0,1
3801,0,0,0,19.28253191380599,5.66752498985955,0.0,1
3802,1,0,0,18.003351298489427,2.9648863058802086,0.0,1
3803,2,0,0,15.690505832437742,10.26943473318264,0.0,1
3804,3,0,0,14.360794581872675,7.567316411607524,0.0,1
3805,4,0,0,14.099352130028958,8.421086443400336,0.0,1
3806,5,0,0,18.453204959216226,7.294469323014299,0.0,1
3807,6,0,-1,9.67297026701288,6.75403342665621,0.0,1
3808,0,0,-1,8.14119274979327,6.622503295806137,0.0,1
3809,1,0,-1,8.145909395866093,5.703039807398163,0.0,1
3810,2,0,-1,8.015066871267631,9.609884776510967,0.0,1
3811,3,0,-1,5.66752498985955,8.706839191526992,0.0,1
3812,4,0,-1,2.9648863058802086,8.158128806125577,0.0,1
3813,5,1,-1,10.26943473318264,6.400915327621565,0.0,1
3814,6,1,-1,7.567316411607524,6.269104422824869,0.0,1
3815,0,1,-1,8.421086443400336,4.446204307643092,0.0,1
3816,1,1,-1,7.294469323014299,5.261935536418045,0.0,1
3817,2,1,-1,6.75403342665621,9.282709618440167,0.0,1
3818,3,1,-1,6.622503295806137,8.564543573388962,0.0,1
3819,4,1,-1,5.703039807398163,7.426604628057292,0.0,1
3820,5,1,-1,9.609884776510967,7.794116374283829,0.0,1
3821,6,1,-1,8.706839191526992,5.439328675525315,0.0,1
3822,0,1,-1,8.158128806125577,5.143640280461683,0.0,1
3823,1,1,-1,6.400915327621565,2.7919570137455425,0.0,1
3824,2,1,-1,6.269104422824869,8.804163509837087,0.0,1
3825,3,1,-1,4.446204307643092,9.933378616401638,0.0,1
3826,4,1,-1,5.261935536418045,8.034645988605678,0.0,1
3827,5,1,-1,9.282709618440167,6.9592566769482165,0.0,1
3828,6,1,-1,8.564543573388962,5.782932402673316,0.0,1
3829,0,1,-1,7.426604628057292,6.449711551179869,0.0,1
3830,1,1,-1,7.794116374283829,3.681546151962472,0.0,1
3831,2,1,-1,5.439328675525315,8.309042462009435,0.0,1
3832,3,1,-1,5.143640280461683,11.146759170621003,0.0,1
3833,4,1,-1,2.7919570137455425,10.616127025519399,0.0,1
3834,5,1,-1,8.804163509837087,6.936953643879315,0.0,1
3835,6,1,-1,9.933378616401638,5.013765804633515,0.0,1
3836,0,1,-1,8.034645988605678,4.382286276005232,0.0,1
3837,1,1,-1,6.9592566769482165,3.9410802153229847,0.0,1
3838,2,1,-1,5.782932402673316,8.410728126645315,0.0,1
3839,3,1,-1,6.449711551179869,10.53686445659156,0.0,1
3840,4,1,-1,3.681546151962472,9.036103968924138,0.0,1
3841,5,2,-1,8.309042462009435,8.223970263572197,0.0,1
3842,6,2,-1,11.146759170621003,7.0714816627277886,0.0,1
3843,0,2,-1,10.616127025519399,6.374813404061257,0.0,1
3844,1,2,-1,6.936953643879315,3.7720954007447838,0.0,1
3845,2,2,-1,5.013765804633515,11.26093158957855,0.0,1
3846,3,2,-1,4.382286276005232,9.227342776352122,0.0,1
3847,4,2,-1,3.9410802153229847,9.924337486632066,0.0,1
3848,5,2,-1,8.410728126645315,7.662334092712078,0.0,1
3849,6,2,-1,10.53686445659156,5.3549147381356335,0.0,1
3850,0,2,-1,9.036103968924138,4.865261777258014,0.0,1
3851,1,2,-1,8.223970263572197,6.45699670612699,0.0,1
3852,2,2,-1,7.0714816627277886,10.42643271828846,0.0,1
3853,3,2,-1,6.374813404061257,8.267134791931651,0.0,1
3854,4,2,-1,3.7720954007447838,8.840471066465856,0.0,1
3855,5,2,-1,11.26093158957855,7.41052741418547,0.0,1
3856,6,2,-1,9.227342776352122,6.905641889304441,0.0,1
3857,0,2,-1,9.924337486632066,5.467185049023835,0.0,1
3858,1,2,-1,7.662334092712078,5.7661915398745,0.0,1
3859,2,2,-1,5.3549147381356335,9.456955247316554,0.0,1
3860,3,2,-1,4.865261777258014,10.485839522711567,0.0,1
3861,4,3,-1,6.45699670612699,7.074421460984619,0.0,1
3862,5,3,-1,10.42643271828846,9.373308649357782,0.0,1
3863,6,3,-1,8.267134791931651,7.094572676766403,0.0,1
3864,0,3,-1,8.840471066465856,5.527257497224167,0.0,1
3865,1,3,-1,7.41052741418547,3.0052944504811583,0.0,1
3866,2,3,-1,6.905641889304441,10.152225842695405,0.0,1
3867,3,3,-1,5.467185049023835,9.468170304233968,0.0,1
3868,4,3,-1,5.7661915398745,8.588331187082659,0.0,1
3869,5,3,-1,9.456955247316554,7.575396213838558,0.0,1
3870,6,3,-1,10.485839522711567,7.267388431432102,0.0,1
3871,0,4,-1,7.074421460984619,5.241849639247245,0.0,1
3872,1,4,-1,9.373308649357782,5.834439782379068,0.0,1
3873,2,4,-1,7.094572676766403,6.9581196277037884,0.0,1
3874,3,4,-1,5.527257497224167,8.349719195370247,0.0,1
3875,4,4,-1,3.0052944504811583,8.101516272004954,0.0,1
3876,5,4,-1,10.152225842695405,6.287803420479959,0.0,1
3877,6,4,-1,9.468170304233968,8.487276127042797,0.0,1
3878,0,4,-1,8.588331187082659,4.236612986236048,0.0,1
3879,1,4,-1,7.575396213838558,5.740174831498789,0.0,1
3880,2,4,-1,7.267388431432102,10.3176909468739,0.0,1
3881,3,4,-1,5.241849639247245,9.73279297275513,0.0,1
3882,4,4,-1,5.834439782379068,8.705715470339227,0.0,1
3883,5,4,-1,6.9581196277037884,8.201839491572862,0.0,1
3884,6,4,-1,8.349719195370247,6.289283485330311,0.0,1
3885,0,4,-1,8.101516272004954,6.442366169448755,0.0,1
3886,1,4,-1,6.287803420479959,5.731355162275553,0.0,1
3887,2,4,-1,8.487276127042797,9.822666788581088,0.0,1
3888,3,4,-1,4.236612986236048,8.802594107524431,0.0,1
3889,4,4,-1,5.740174831498789,8.35412714842479,0.0,1
3890,5,4,-1,10.3176909468739,17.81674072511822,0.0,1
3891,6,4,-1,9.73279297275513,17.858974675711277,0.0,1
3892,0,4,-1,8.705715470339227,16.948605729197254,0.0,1
3893,1,4,-1,8.201839491572862,13.559767519300653,0.0,1
3894,2,4,-1,6.289283485330311,19.958376531497485,0.0,1
3895,3,4,-1,6.442366169448755,18.55500580491813,0.0,1
3896,4,4,-1,5.731355162275553,18.869884090246412,0.0,1
3897,5,4,-1,9.822666788581088,9.158359358201075,0.0,1
3898,6,4,-1,8.802594107524431,8.005901775638456,0.0,1
3899,0,4,-1,8.35412714842479,6.434455246735782,0.0,1
3900,1,4,0,17.81674072511822,5.5793911596631185,0.0,1
3901,2,4,0,17.858974675711277,10.298521212104376,0.0,1
3902,3,4,0,16.948605729197254,9.665650072078774,0.0,1
3903,4,4,0,13.559767519300653,9.6297427404005,0.0,1
3904,5,0,0,19.958376531497485,8.437506057554764,0.0,1
3905,6,0,0,18.55500580491813,6.5762882966576734,0.0,1
3906,0,0,0,18.869884090246412,3.9772319390304434,0.0,1
3907,1,0,-1,9.158359358201075,6.876594793113655,0.0,1
3908,2,0,-1,8.005901775638456,9.175722014667352,0.0,1
3909,3,0,-1,6.434455246735782,8.655947828171056,0.0,1
3910,4,0,-1,5.5793911596631185,9.029911594956577,0.0,1
3911,5,0,-1,10.298521212104376,9.114788792012368,0.0,1
3912,6,0,-1,9.665650072078774,6.781870483625036,0.0,1
3913,0,0,-1,9.6297427404005,6.391447976490536,0.0,1
3914,1,0,-1,8.437506057554764,5.396415427831302,0.0,1
3915,2,0,-1,6.5762882966576734,8.429196805589783,0.0,1
3916,3,0,-1,3.9772319390304434,9.174817086274144,0.0,1
3917,4,0,-1,6.876594793113655,9.491909697159908,0.0,1
3918,5,0,-1,9.175722014667352,8.620153013932018,0.0,1
3919,6,0,-1,8.655947828171056,6.853208164901998,0.0,1
3920,0,0,-1,9.029911594956577,5.547867389050362,0.0,1
3921,1,0,-1,9.114788792012368,5.840770755509917,0.0,1
3922,2,0,-1,6.781870483625036,10.18701933880863,0.0,1
3923,3,0,-1,6.391447976490536,10.242796991451973,0.0,1
3924,4,0,-1,5.396415427831302,7.444721634382682,0.0,1
3925,5,0,-1,8.429196805589783,7.214803597108959,0.0,1
3926,6,0,-1,9.174817086274144,8.131042225799819,0.0,1
3927,0,0,-1,9.491909697159908,5.850110720112063,0.0,1
3928,1,0,-1,8.620153013932018,6.025300542848598,0.0,1
3929,2,0,-1,6.853208164901998,8.628356640688017,0.0,1
3930,3,0,-1,5.547867389050362,10.045243002524145,0.0,1
3931,4,0,-1,5.840770755509917,9.579241131008434,0.0,1
3932,5,0,-1,10.18701933880863,8.774344448615874,0.0,1
3933,6,0,-1,10.242796991451973,8.166490709284457,0.0,1
3934,0,0,-1,7.444721634382682,6.253768638195969,0.0,1
3935,1,1,-1,7.214803597108959,2.908236368948469,0.0,1
3936,2,1,-1,8.131042225799819,9.504712356793753,0.0,1
3937,3,1,-1,5.850110720112063,9.483016231664893,0.0,1
3938,4,1,-1,6.025300542848598,9.738198384895036,0.0,1
3939,5,1,-1,8.628356640688017,7.790170670512948,0.0,1
3940,6,1,-1,10.045243002524145,7.018282721214296,0.0,1
3941,0,1,-1,9.579241131008434,5.3171709266695295,0.0,1
3942,1,1,-1,8.774344448615874,5.506766495471753,0.0,1
3943,2,1,-1,8.166490709284457,10.332609177680984,0.0,1
3944,3,1,-1,6.253768638195969,9.816575240921132,0.0,1
3945,4,1,-1,2.908236368948469,7.421882368357078,0.0,1
3946,5,1,-1,9.504712356793753,8.923694528414522,0.0,1
3947,6,1,-1,9.483016231664893,6.7547681150235706,0.0,1
3948,0,1,-1,9.738198384895036,4.884450185081145,0.0,1
3949,1,1,-1,7.790170670512948,5.468651449172482,0.0,1
3950,2,1,-1,7.018282721214296,9.712972850320432,0.0,1
3951,3,1,-1,5.3171709266695295,11.498645667121343,0.0,1
3952,4,1,-1,5.506766495471753,9.637093447541066,0.0,1
3953,5,1,-1,10.332609177680984,9.233092005789716,0.0,1
3954,6,1,-1,9.816575240921132,10.280612802242619,0.0,1
3955,0,1,-1,7.421882368357078,6.420912867091558,0.0,1
3956,1,1,-1,8.923694528414522,4.8057123026368185,0.0,1
3957,2,1,-1,6.7547681150235706,10.48594495308586,0.0,1
3958,3,1,-1,4.884450185081145,9.376755803485924,0.0,1
3959,4,1,-1,5.468651449172482,8.836682362122527,0.0,1
3960,5,1,-1,9.712972850320432,7.950136058535515,0.0,1
3961,6,1,-1,11.498645667121343,6.915504716394045,0.0,1
3962,0,1,-1,9.637093447541066,7.189166686615321,0.0,1
3963,1,2,-1,9.233092005789716,3.827333526544799,0.0,1
3964,2,2,-1,10.280612802242619,9.758290711163884,0.0,1
3965,3,2,-1,6.420912867091558,10.009707045534656,0.0,1
3966,4,2,-1,4.8057123026368185,10.792913642990873,0.0,1
3967,5,2,-1,10.48594495308586,5.329115954453561,0.0,1
3968,6,2,-1,9.376755803485924,7.317205265578448,0.0,1
3969,0,2,-1,8.836682362122527,4.393173196151143,0.0,1
3970,1,2,-1,7.950136058535515,3.8352095267082404,0.0,1
3971,2,2,-1,6.915504716394045,9.222104940998555,0.0,1
3972,3,2,-1,7.189166686615321,9.636132309161495,0.0,1
3973,4,2,-1,3.827333526544799,8.137165837051125,0.0,1
3974,5,2,-1,9.758290711163884,7.640534223748652,0.0,1
3975,6,2,-1,10.009707045534656,5.751208262472671,0.0,1
3976,0,2,-1,10.792913642990873,5.736045016037056,0.0,1
3977,1,2,-1,5.329115954453561,5.235646439753884,0.0,1
3978,2,2,-1,7.317205265578448,8.803982937205795,0.0,1
3979,3,2,-1,4.393173196151143,10.347785264777144,0.0,1
3980,4,2,-1,3.8352095267082404,7.976756316452336,0.0,1
3981,5,2,-1,9.222104940998555,7.347306011901718,0.0,1
3982,6,2,-1,9.636132309161495,6.851383778024182,0.0,1
3983,0,3,-1,8.137165837051125,6.428979634459863,0.0,1
3984,1,3,-1,7.640534223748652,4.502609963654101,0.0,1
3985,2,3,-1,5.751208262472671,7.742419779191113,0.0,1
3986,3,3,-1,5.736045016037056,10.777449776457754,0.0,1
3987,4,3,-1,5.235646439753884,7.896761124345697,0.0,1
3988,5,3,-1,8.803982937205795,5.691734214269264,0.0,1
3989,6,3,-1,10.347785264777144,5.949492146346034,0.0,1
3990,0,3,-1,7.976756316452336,17.33033818085832,0.0,1
3991,1,3,-1,7.347306011901718,16.262352078451034,0.0,1
3992,2,3,-1,6.851383778024182,20.307431002817175,0.0,1
3993,3,4,-1,6.428979634459863,20.023620498394216,0.0,1
3994,4,4,-1,4.502609963654101,18.293642624150376,0.0,1
3995,5,4,-1,7.742419779191113,18.804045725630885,0.0,1
3996,6,4,-1,10.777449776457754,17.335542726807272,0.0,1
3997,0,4,-1,7.896761124345697,6.713267239120495,0.0,1
3998,1,4,-1,5.691734214269264,3.7076878708882752,0.0,1
3999,2,4,-1,5.949492146346034,10.91409395759854,0.0,1
4000,3,4,0,17.33033818085832,10.981451227813894,0.0,1
4001,4,4,0,16.262352078451034,10.757485049039541,0.0,1
4002,5,4,0,20.307431002817175,7.617412371158051,0.0,1
4003,6,4,0,20.023620498394216,6.9350082325392455,0.0,1
4004,0,4,0,18.293642624150376,6.001625012635877,0.0,1
4005,1,4,0,18.804045725630885,5.29115353707501,0.0,1
4006,2,4,0,17.335542726807272,8.426182015062624,0.0,1
4007,3,4,-1,6.713267239120495,8.774941771344391,0.0,1
4008,4,4,-1,3.7076878708882752,8.074243412741348,0.0,1
4009,5,4,-1,10.91409395759854,9.635845512907448,0.0,1
4010,6,4,-1,10.981451227813894,5.712925058230771,0.0,1
4011,0,4,-1,10.757485049039541,6.1187002457879425,0.0,1
4012,1,4,-1,7.617412371158051,3.3059104568843276,0.0,1
4013,2,4,-1,6.9350082325392455,8.883727269759877,0.0,1
4014,3,4,-1,6.001625012635877,9.186456051609529,0.0,1
4015,4,4,-1,5.29115353707501,8.843629038114384,0.0,1
4016,5,4,-1,8.426182015062624,8.397273347918757,0.0,1
4017,6,4,-1,8.774941771344391,6.343661127142886,0.0,1
4018,0,4,-1,8.074243412741348,4.56859882965392,0.0,1
4019,1,4,-1,9.635845512907448,5.88544999557114,0.0,1
4020,2,4,-1,5.712925058230771,9.051993708645067,0.0,1
4021,3,4,-1,6.1187002457879425,7.165772241730897,0.0,1
4022,4,4,-1,3.3059104568843276,6.298660938512535,0.0,1
4023,5,4,-1,8.883727269759877,6.984867012460961,0.0,1
4024,6,4,-1,9.186456051609529,4.822318468206772,0.0,1
4025,0,4,-1,8.843629038114384,5.880203765788134,0.0,1
4026,1,0,-1,8.397273347918757,5.001785379552796,0.0,1
4027,2,0,-1,6.343661127142886,10.875297105390954,0.0,1
4028,3,0,-1,4.56859882965392,9.345865361370283,0.0,1
4029,4,0,-1,5.88544999557114,7.057106973097655,0.0,1
4030,5,0,-1,9.051993708645067,6.529885569439734,0.0,1
4031,6,0,-1,7.165772241730897,7.295587772832645,0.0,1
4032,0,0,-1,6.298660938512535,6.304547456160127,0.0,1
4033,1,0,-1,6.984867012460961,5.859379459046899,0.0,1
4034,2,0,-1,4.822318468206772,9.826607004431485,0.0,1
4035,3,0,-1,5.880203765788134,8.680548749766785,0.0,1
4036,4,0,-1,5.001785379552796,8.725017427090679,0.0,1
4037,5,0,-1,10.875297105390954,7.050519315851672,0.0,1
4038,6,0,-1,9.345865361370283,9.317384536133538,0.0,1
4039,0,0,-1,7.057106973097655,6.907047328640398,0.0,1
4040,1,0,-1,6.529885569439734,5.404128804422524,0.0,1
4041,2,0,-1,7.295587772832645,8.549102018060639,0.0,1
4042,3,0,-1,6.304547456160127,9.105469700629365,0.0,1
4043,4,0,-1,5.859379459046899,8.525396135705764,0.0,1
4044,5,0,-1,9.826607004431485,8.42151572807867,0.0,1
4045,6,0,-1,8.680548749766785,6.149691148163255,0.0,1
4046,0,0,-1,8.725017427090679,5.55150890901179,0.0,1
4047,1,0,-1,7.050519315851672,3.981809038472164,0.0,1
4048,2,0,-1,9.317384536133538,8.771285852052083,0.0,1
4049,3,0,-1,6.907047328640398,9.847311295433357,0.0,1
4050,4,0,-1,5.404128804422524,7.591452150585042,0.0,1
4051,5,0,-1,8.549102018060639,7.038714802155953,0.0,1
4052,6,0,-1,9.105469700629365,7.812132352705138,0.0,1
4053,0,0,-1,8.525396135705764,3.7794149591755355,0.0,1
4054,1,0,-1,8.42151572807867,5.582608692584557,0.0,1
4055,2,0,-1,6.149691148163255,7.743799425963866,0.0,1
4056,3,0,-1,5.55150890901179,10.059128052045974,0.0,1
4057,4,1,-1,3.981809038472164,8.021214124784702,0.0,1
4058,5,1,-1,8.771285852052083,10.790846825919658,0.0,1
4059,6,1,-1,9.847311295433357,6.015679745250622,0.0,1
4060,0,1,-1,7.591452150585042,3.5210194537933655,0.0,1
4061,1,1,-1,7.038714802155953,6.481599592250403,0.0,1
4062,2,1,-1,7.812132352705138,10.310849677312437,0.0,1
4063,3,1,-1,3.7794149591755355,8.923656677748426,0.0,1
4064,4,1,-1,5.582608692584557,8.698755331257088,0.0,1
4065,5,1,-1,7.743799425963866,7.012744760190561,0.0,1
4066,6,1,-1,10.059128052045974,6.534006749478499,0.0,1
4067,0,1,-1,8.021214124784702,5.731653975545736,0.0,1
4068,1,1,-1,10.790846825919658,4.630817072121607,0.0,1
4069,2,1,-1,6.015679745250622,7.763908417568846,0.0,1
4070,3,1,-1,3.5210194537933655,8.186879850149047,0.0,1
4071,4,1,-1,6.481599592250403,7.730313017536723,0.0,1
4072,5,1,-1,10.310849677312437,7.4834731382079696,0.0,1
4073,6,1,-1,8.923656677748426,4.353583281538891,0.0,1
4074,0,1,-1,8.698755331257088,4.969997066526295,0.0,1
4075,1,1,-1,7.012744760190561,5.568783194949213,0.0,1
4076,2,1,-1,6.534006749478499,9.202650070974032,0.0,1
4077,3,1,-1,5.731653975545736,7.636754071994769,0.0,1
4078,4,1,-1,4.630817072121607,8.654386974780397,0.0,1
4079,5,1,-1,7.763908417568846,7.509159915515521,0.0,1
4080,6,1,-1,8.186879850149047,6.501394787554664,0.0,1
4081,0,1,-1,7.730313017536723,4.628016247854348,0.0,1
4082,1,1,-1,7.4834731382079696,3.677144320906737,0.0,1
4083,2,1,-1,4.353583281538891,9.6730466316378,0.0,1
4084,3,1,-1,4.969997066526295,7.008638997713947,0.0,1
4085,4,2,-1,5.568783194949213,8.317672466055564,0.0,1
4086,5,2,-1,9.202650070974032,7.061960316615119,0.0,1
4087,6,2,-1,7.636754071994769,5.674695261876973,0.0,1
4088,0,2,-1,8.654386974780397,5.939124785787731,0.0,1
4089,1,2,-1,7.509159915515521,4.561174698209045,0.0,1
4090,2,2,-1,6.501394787554664,17.823051080566476,0.0,1
4091,3,2,-1,4.628016247854348,18.75374834672803,0.0,1
4092,4,2,-1,3.677144320906737,16.599226894930872,0.0,1
4093,5,2,-1,9.6730466316378,14.792747425747798,0.0,1
4094,6,2,-1,7.008638997713947,15.741527927512776,0.0,1
4095,0,2,-1,8.317672466055564,14.128330361448286,0.0,1
4096,1,2,-1,7.061960316615119,15.488242791640108,0.0,1
4097,2,2,-1,5.674695261876973,8.504499054230473,0.0,1
4098,3,2,-1,5.939124785787731,6.074095137433217,0.0,1
4099,4,2,-1,4.561174698209045,5.760221820794235,0.0,1
4100,5,2,0,17.823051080566476,6.521108705545951,0.0,1
4101,6,2,0,18.75374834672803,6.6728393419616205,0.0,1
4102,0,2,0,16.599226894930872,4.938984428034293,0.0,1
4103,1,2,0,14.792747425747798,5.509196126796144,0.0,1
4104,2,2,0,15.741527927512776,6.303218910459229,0.0,1
4105,3,3,0,14.128330361448286,7.545506343530027,0.0,1
4106,4,3,0,15.488242791640108,9.0644441548407,0.0,1
4107,5,3,-1,8.504499054230473,5.638841026140465,0.0,1
4108,6,3,-1,6.074095137433217,6.456777984338276,0.0,1
4109,0,3,-1,5.760221820794235,5.705114378780882,0.0,1
4110,1,3,-1,6.521108705545951,2.687047555301257,0.0,1
4111,2,3,-1,6.6728393419616205,9.243673713572825,0.0,1
4112,3,3,-1,4.938984428034293,8.573090301683425,0.0,1
4113,4,3,-1,5.509196126796144,8.982466986118995,0.0,1
4114,5,3,-1,6.303218910459229,7.014609992306478,0.0,1
4115,6,4,-1,7.545506343530027,4.996298877013624,0.0,1
4116,0,4,-1,9.0644441548407,5.929443531316512,0.0,1
4117,1,4,-1,5.638841026140465,3.9677583536694936,0.0,1
4118,2,4,-1,6.456777984338276,7.819577163917485,0.0,1
4119,3,4,-1,5.705114378780882,9.242215706665673,0.0,1
4120,4,4,-1,2.687047555301257,8.446025720934138,0.0,1
4121,5,4,-1,9.243673713572825,7.352854546827659,0.0,1
4122,6,4,-1,8.573090301683425,7.5204892678374575,0.0,1
4123,0,4,-1,8.982466986118995,4.182897882882544,0.0,1
4124,1,4,-1,7.014609992306478,4.530770469499495,0.0,1
4125,2,4,-1,4.996298877013624,7.6214612336649505,0.0,1
4126,3,4,-1,5.929443531316512,7.555939527054643,0.0,1
4127,4,4,-1,3.9677583536694936,9.075204399715286,0.0,1
4128,5,4,-1,7.819577163917485,7.0031522352256435,0.0,1
4129,6,4,-1,9.242215706665673,6.685772836729002,0.0,1
4130,0,4,-1,8.446025720934138,4.325147996570817,0.0,1
4131,1,4,-1,7.352854546827659,3.298796351865742,0.0,1
4132,2,4,-1,7.5204892678374575,7.693024947043606,0.0,1
4133,3,4,-1,4.182897882882544,9.658219861551988,0.0,1
4134,4,4,-1,4.530770469499495,6.525716833612121,0.0,1
4135,5,4,-1,7.6214612336649505,5.412239687339919,0.0,1
4136,6,4,-1,7.555939527054643,6.550423582750433,0.0,1
4137,0,4,-1,9.075204399715286,5.546807749598726,0.0,1
4138,1,4,-1,7.0031522352256435,3.267460568977209,0.0,1
4139,2,4,-1,6.685772836729002,7.8936285297879,0.0,1
4140,3,4,-1,4.325147996570817,6.24982554781774,0.0,1
4141,4,4,-1,3.298796351865742,8.84120824077221,0.0,1
4142,5,4,-1,7.693024947043606,6.705918353242489,0.0,1
4143,6,4,-1,9.658219861551988,5.4901857386184885,0.0,1
4144,0,4,-1,6.525716833612121,4.826323154841613,0.0,1
4145,1,4,-1,5.412239687339919,3.945981193200807,0.0,1
4146,2,4,-1,6.550423582750433,7.526697197731985,0.0,1
4147,3,4,-1,5.546807749598726,7.21196919139415,0.0,1
4148,4,0,-1,3.267460568977209,7.821783364481613,0.0,1
4149,5,0,-1,7.8936285297879,6.414435394569086,0.0,1
4150,6,0,-1,6.24982554781774,5.801342266439027,0.0,1
4151,0,0,-1,8.84120824077221,3.482859124965104,0.0,1
4152,1,0,-1,6.705918353242489,3.401169779494726,0.0,1
4153,2,0,-1,5.4901857386184885,7.19964515674436,0.0,1
4154,3,0,-1,4.826323154841613,7.876451954238635,0.0,1
4155,4,0,-1,3.945981193200807,7.276714053230372,0.0,1
4156,5,0,-1,7.526697197731985,5.844430008458309,0.0,1
4157,6,0,-1,7.21196919139415,6.640746757462354,0.0,1
4158,0,0,-1,7.821783364481613,3.978254775445096,0.0,1
4159,1,0,-1,6.414435394569086,3.9856680048160893,0.0,1
4160,2,0,-1,5.801342266439027,8.624088369607993,0.0,1
4161,3,0,-1,3.482859124965104,7.285274634820262,0.0,1
4162,4,0,-1,3.401169779494726,7.611119571209239,0.0,1
4163,5,0,-1,7.19964515674436,7.191871365855312,0.0,1
4164,6,0,-1,7.876451954238635,7.676107844130449,0.0,1
4165,0,0,-1,7.276714053230372,6.137668956013173,0.0,1
4166,1,0,-1,5.844430008458309,4.506618089991021,0.0,1
4167,2,0,-1,6.640746757462354,8.342300228990869,0.0,1
4168,3,0,-1,3.978254775445096,7.7240270481889475,0.0,1
4169,4,0,-1,3.9856680048160893,7.969740574412413,0.0,1
4170,5,0,-1,8.624088369607993,3.39865331953087,0.0,1
4171,6,0,-1,7.285274634820262,7.289813369329353,0.0,1
4172,0,0,-1,7.611119571209239,4.579529695727011,0.0,1
4173,1,0,-1,7.191871365855312,3.0414210724276822,0.0,1
4174,2,0,-1,7.676107844130449,7.747312580474949,0.0,1
4175,3,0,-1,6.137668956013173,7.684694622713762,0.0,1
4176,4,0,-1,4.506618089991021,6.685002689611005,0.0,1
4177,5,0,-1,8.342300228990869,5.473917484755143,0.0,1
4178,6,0,-1,7.7240270481889475,4.131397084750919,0.0,1
4179,0,1,-1,7.969740574412413,5.028266845346931,0.0,1
4180,1,1,-1,3.39865331953087,3.921548858729005,0.0,1
4181,2,1,-1,7.289813369329353,6.538537721797569,0.0,1
4182,3,1,-1,4.579529695727011,6.179204809432575,0.0,1
4183,4,1,-1,3.0414210724276822,5.640762481114192,0.0,1
4184,5,1,-1,7.747312580474949,5.477541456262572,0.0,1
4185,6,1,-1,7.684694622713762,5.841644032974763,0.0,1
4186,0,1,-1,6.685002689611005,5.996856878094201,0.0,1
4187,1,1,-1,5.473917484755143,4.385643293606446,0.0,1
4188,2,1,-1,4.131397084750919,7.799713604722693,0.0,1
4189,3,1,-1,5.028266845346931,7.298211031441948,0.0,1
4190,4,1,-1,3.921548858729005,15.56083822398388,0.0,1
4191,5,1,-1,6.538537721797569,14.87087752662913,0.0,1
4192,6,1,-1,6.179204809432575,15.069599981137683,0.0,1
4193,0,1,-1,5.640762481114192,14.331498042701305,0.0,1
4194,1,1,-1,5.477541456262572,15.286468537065996,0.0,1
4195,2,1,-1,5.841644032974763,15.886468082858645,0.0,1
4196,3,1,-1,5.996856878094201,17.229988070600527,0.0,1
4197,4,1,-1,4.385643293606446,7.04263751084048,0.0,1
4198,5,1,-1,7.799713604722693,6.188694905380228,0.0,1
4199,6,1,-1,7.298211031441948,5.932082389484372,0.0,1
4200,0,1,0,15.56083822398388,5.309848411101755,0.0,1
4201,1,1,0,14.87087752662913,2.5722511196494957,0.0,1
4202,2,1,0,15.069599981137683,7.303356304669849,0.0,1
4203,3,1,0,14.331498042701305,6.385855226797177,0.0,1
4204,4,1,0,15.286468537065996,7.5982640970207855,0.0,1
4205,5,1,0,15.886468082858645,5.56476936262716,0.0,1
4206,6,1,0,17.229988070600527,5.284476631669239,0.0,1
4207,0,2,-1,7.04263751084048,3.9277119232283697,0.0,1
4208,1,2,-1,6.188694905380228,3.514762895039528,0.0,1
4209,2,2,-1,5.932082389484372,7.909833279221539,0.0,1
4210,3,2,-1,5.309848411101755,7.330551406134451,0.0,1
4211,4,2,-1,2.5722511196494957,4.4961500982858364,0.0,1
4212,5,2,-1,7.303356304669849,5.116214111511279,0.0,1
4213,6,2,-1,6.385855226797177,4.990894485275847,0.0,1
4214,0,2,-1,7.5982640970207855,3.808198946619779,0.0,1
4215,1,2,-1,5.56476936262716,2.2237565842278175,0.0,1
4216,2,2,-1,5.284476631669239,3.2979020758675803,0.0,1
4217,3,2,-1,3.9277119232283697,6.309453136284743,0.0,1
4218,4,2,-1,3.514762895039528,5.70774786433246,0.0,1
4219,5,2,-1,7.909833279221539,6.633992324956459,0.0,1
4220,6,2,-1,7.330551406134451,5.076293934340066,0.0,1
4221,0,2,-1,4.4961500982858364,4.570968572142677,0.0,1
4222,1,2,-1,5.116214111511279,3.447405929637251,0.0,1
4223,2,2,-1,4.990894485275847,6.5119255005350585,0.0,1
4224,3,2,-1,3.808198946619779,6.262346807010003,0.0,1
4225,4,2,-1,2.2237565842278175,4.422582189814465,0.0,1
4226,5,2,-1,3.2979020758675803,5.562280233097303,0.0,1
4227,6,3,-1,6.309453136284743,3.03041319710147,0.0,1
4228,0,3,-1,5.70774786433246,5.348388103099932,0.0,1
4229,1,3,-1,6.633992324956459,2.9923237786837436,0.0,1
4230,2,3,-1,5.076293934340066,6.70474418971735,0.0,1
4231,3,3,-1,4.570968572142677,5.383601052459235,0.0,1
4232,4,3,-1,3.447405929637251,4.8523861595677324,0.0,1
4233,5,3,-1,6.5119255005350585,4.534732316924076,0.0,1
4234,6,3,-1,6.262346807010003,4.841292179005839,0.0,1
4235,0,3,-1,4.422582189814465,4.168718685026522,0.0,1
4236,1,3,-1,5.562280233097303,0.9637936909502589,0.0,1
4237,2,4,-1,3.03041319710147,5.485649105471535,0.0,1
4238,3,4,-1,5.348388103099932,3.737191177284549,0.0,1
4239,4,4,-1,2.9923237786837436,4.44873653786125,0.0,1
4240,5,4,-1,6.70474418971735,4.2444599844917095,0.0,1
4241,6,4,-1,5.383601052459235,4.522748753057706,0.0,1
4242,0,4,-1,4.8523861595677324,2.2443839876562506,0.0,1
4243,1,4,-1,4.534732316924076,2.5286546383900865,0.0,1
4244,2,4,-1,4.841292179005839,4.936699307727519,0.0,1
4245,3,4,-1,4.168718685026522,6.643335785206117,0.0,1
4246,4,4,-1,0.9637936909502589,6.443918404651946,0.0,1
4247,5,4,-1,5.485649105471535,4.807516984526656,0.0,1
4248,6,4,-1,3.737191177284549,2.647353749436397,0.0,1
4249,0,4,-1,4.44873653786125,2.831989958735208,0.0,1
4250,1,4,-1,4.2444599844917095,2.180031890441204,0.0,1
4251,2,4,-1,4.522748753057706,4.724822828191216,0.0,1
4252,3,4,-1,2.2443839876562506,3.9753013796790264,0.0,1
4253,4,4,-1,2.5286546383900865,6.095957045055705,0.0,1
4254,5,4,-1,4.936699307727519,4.3747347356507555,0.0,1
4255,6,4,-1,6.643335785206117,3.2443516822270277,0.0,1
4256,0,4,-1,6.443918404651946,3.2938476885259864,0.0,1
4257,1,4,-1,4.807516984526656,2.568349470228019,0.0,1
4258,2,4,-1,2.647353749436397,3.6837843652267956,0.0,1
4259,3,4,-1,2.831989958735208,3.2752214173036487,0.0,1
4260,4,4,-1,2.180031890441204,4.200348006227432,0.0,1
4261,5,4,-1,4.724822828191216,5.279891546642639,0.0,1
4262,6,4,-1,3.9753013796790264,2.6595020328688372,0.0,1
4263,0,4,-1,6.095957045055705,2.018213828826796,0.0,1
4264,1,4,-1,4.3747347356507555,1.365834462328191,0.0,1
4265,2,4,-1,3.2443516822270277,4.618508018450144,0.0,1
4266,3,4,-1,3.2938476885259864,5.36473094057633,0.0,1
4267,4,4,-1,2.568349470228019,3.4377156437256,0.0,1
4268,5,4,-1,3.6837843652267956,4.917773517997245,0.0,1
4269,6,4,-1,3.2752214173036487,2.913580789821948,0.0,1
4270,0,0,-1,4.200348006227432,3.890982271320257,0.0,1
4271,1,0,-1,5.279891546642639,2.9972461071351884,0.0,1
4272,2,0,-1,2.6595020328688372,3.748983794021658,0.0,1
4273,3,0,-1,2.018213828826796,5.41594108730078,0.0,1
4274,4,0,-1,1.365834462328191,5.027773349075865,0.0,1
4275,5,0,-1,4.618508018450144,2.996097210981745,0.0,1
4276,6,0,-1,5.36473094057633,3.1217428320923664,0.0,1
4277,0,0,-1,3.4377156437256,0.5568976303583262,0.0,1
4278,1,0,-1,4.917773517997245,2.875233703382099,0.0,1
4279,2,0,-1,2.913580789821948,3.880766036115099,0.0,1
4280,3,0,-1,3.890982271320257,4.147492419455189,0.0,1
4281,4,0,-1,2.9972461071351884,5.195436875080376,0.0,1
4282,5,0,-1,3.748983794021658,3.976761594238745,0.0,1
4283,6,0,-1,5.41594108730078,2.336034006717102,0.0,1
4284,0,0,-1,5.027773349075865,2.3027581521126743,0.0,1
4285,1,0,-1,2.996097210981745,1.5471669909010828,0.0,1
4286,2,0,-1,3.1217428320923664,5.309023197060683,0.0,1
4287,3,0,-1,0.5568976303583262,3.8798096462180176,0.0,1
4288,4,0,-1,2.875233703382099,3.9293896478282275,0.0,1
4289,5,0,-1,3.880766036115099,5.453415401482691,0.0,1
4290,6,0,-1,4.147492419455189,13.26451621929426,0.0,1
4291,0,0,-1,5.195436875080376,12.122875164350441,0.0,1
4292,1,0,-1,3.976761594238745,13.399542012119985,0.0,1
4293,2,0,-1,2.336034006717102,14.091028560900414,0.0,1
4294,3,0,-1,2.3027581521126743,14.183942131336416,0.0,1
4295,4,0,-1,1.5471669909010828,14.975677240888858,0.0,1
4296,5,0,-1,5.309023197060683,14.01385132714471,0.0,1
4297,6,0,-1,3.8798096462180176,3.0500951086748036,0.0,1
4298,0,0,-1,3.9293896478282275,2.6812954408911267,0.0,1
4299,1,0,-1,5.453415401482691,2.996037776807848,0.0,1
4300,2,0,0,13.26451621929426,4.348038850277274,0.0,1
4301,3,1,0,12.122875164350441,4.948433491227917,0.0,1
4302,4,1,0,13.399542012119985,3.40980300314669,0.0,1
4303,5,1,0,14.091028560900414,3.234675947420722,0.0,1
4304,6,1,0,14.183942131336416,2.967409961674986,0.0,1
4305,0,1,0,14.975677240888858,2.9102823741065946,0.0,1
4306,1,1,0,14.01385132714471,-0.9431462700473814,0.0,1
4307,2,1,-1,3.0500951086748036,3.9118067616896663,0.0,1
4308,3,1,-1,2.6812954408911267,3.5976501411107784,0.0,1
4309,4,1,-1,2.996037776807848,4.1272629715725815,0.0,1
4310,5,1,-1,4.348038850277274,3.640772075197719,0.0,1
4311,6,1,-1,4.948433491227917,1.4210699551021084,0.0,1
4312,0,1,-1,3.40980300314669,2.281853115099394,0.0,1
4313,1,1,-1,3.234675947420722,0.8294295179666471,0.0,1
4314,2,1,-1,2.967409961674986,1.7184114480523391,0.0,1
4315,3,1,-1,2.9102823741065946,4.310699960881722,0.0,1
4316,4,1,-1,-0.9431462700473814,2.996879037947823,0.0,1
4317,5,1,-1,3.9118067616896663,2.765379647209775,0.0,1
4318,6,1,-1,3.5976501411107784,0.7700001606164109,0.0,1
4319,0,1,-1,4.1272629715725815,2.7963793829738868,0.0,1
4320,1,1,-1,3.640772075197719,2.1646014007223933,0.0,1
4321,2,1,-1,1.4210699551021084,2.568083709238263,0.0,1
4322,3,1,-1,2.281853115099394,3.646474332824916,0.0,1
4323,4,1,-1,0.8294295179666471,3.5434833961215855,0.0,1
4324,5,1,-1,1.7184114480523391,2.0942044938668887,0.0,1
4325,6,1,-1,4.310699960881722,2.635393360690256,0.0,1
4326,0,1,-1,2.996879037947823,3.6402607119350385,0.0,1
4327,1,1,-1,2.765379647209775,1.2611653316431914,0.0,1
4328,2,1,-1,0.7700001606164109,2.2166324071306143,0.0,1
4329,3,2,-1,2.7963793829738868,3.800168560143226,0.0,1
4330,4,2,-1,2.1646014007223933,1.0023271168246595,0.0,1
4331,5,2,-1,2.568083709238263,0.9638491216475944,0.0,1
4332,6,2,-1,3.646474332824916,2.700140297746353,0.0,1
4333,0,2,-1,3.5434833961215855,1.3604200435524891,0.0,1
4334,1,2,-1,2.0942044938668887,0.7364081573494752,0.0,1
4335,2,2,-1,2.635393360690256,5.78376414297631,0.0,1
4336,3,2,-1,3.6402607119350385,2.7624948268305793,0.0,1
4337,4,2,-1,1.2611653316431914,1.331740412623879,0.0,1
4338,5,2,-1,2.2166324071306143,4.218359620988792,0.0,1
4339,6,2,-1,3.800168560143226,1.9123950868656887,0.0,1
4340,0,2,-1,1.0023271168246595,2.002391978603818,0.0,1
4341,1,2,-1,0.9638491216475944,1.0480898742371456,0.0,1
4342,2,2,-1,2.700140297746353,4.763572147127219,0.0,1
4343,3,2,-1,1.3604200435524891,3.7608501646651638,0.0,1
4344,4,2,-1,0.7364081573494752,1.5814937260697826,0.0,1
4345,5,2,-1,5.78376414297631,-0.7692303210526745,0.0,1
4346,6,2,-1,2.7624948268305793,3.40705039142697,0.0,1
4347,0,2,-1,1.331740412623879,0.08886473683536056,0.0,1
4348,1,2,-1,4.218359620988792,1.1034149713622252,0.0,1
4349,2,3,-1,1.9123950868656887,2.432730860169424,0.0,1
4350,3,3,-1,2.002391978603818,1.6230106452879585,0.0,1
4351,4,3,-1,1.0480898742371456,2.0694262085436628,0.0,1
4352,5,3,-1,4.763572147127219,1.9243993567331519,0.0,1
4353,6,3,-1,3.7608501646651638,1.3106504344192946,0.0,1
4354,0,3,-1,1.5814937260697826,1.3711657011432412,0.0,1
4355,1,3,-1,-0.7692303210526745,2.1392030617633324,0.0,1
4356,2,3,-1,3.40705039142697,0.6845526131339648,0.0,1
4357,3,3,-1,0.08886473683536056,1.4711619927144244,0.0,1
4358,4,3,-1,1.1034149713622252,1.7128565478033744,0.0,1
4359,5,4,-1,2.432730860169424,0.24047104992468982,0.0,1
4360,6,4,-1,1.6230106452879585,0.3290211442913471,0.0,1
4361,0,4,-1,2.0694262085436628,0.9615853981788287,0.0,1
4362,1,4,-1,1.9243993567331519,-1.0565127170071018,0.0,1
4363,2,4,-1,1.3106504344192946,4.610791081187659,0.0,1
4364,3,4,-1,1.3711657011432412,1.3864675756712,0.0,1
4365,4,4,-1,2.1392030617633324,2.5518226734842426,0.0,1
4366,5,4,-1,0.6845526131339648,-0.38774188881127736,0.0,1
4367,6,4,-1,1.4711619927144244,1.2963071628197087,0.0,1
4368,0,4,-1,1.7128565478033744,-0.02983138737982194,0.0,1
4369,1,4,-1,0.24047104992468982,2.087174399365443,0.0,1
4370,2,4,-1,0.3290211442913471,2.822724955308004,0.0,1
4371,3,4,-1,0.9615853981788287,1.6514331933461837,0.0,1
4372,4,4,-1,-1.0565127170071018,2.3865234096206938,0.0,1
4373,5,4,-1,4.610791081187659,1.160673817842237,0.0,1
4374,6,4,-1,1.3864675756712,0.03209928292788122,0.0,1
4375,0,4,-1,2.5518226734842426,1.1864926769786541,0.0,1
4376,1,4,-1,-0.38774188881127736,0.7881289410612426,0.0,1
4377,2,4,-1,1.2963071628197087,0.9974283840122098,0.0,1
4378,3,4,-1,-0.02983138737982194,1.4206504223793979,0.0,1
4379,4,4,-1,2.087174399365443,2.4915772620917442,0.0,1
4380,5,4,-1,2.822724955308004,0.856282670181272,0.0,1
4381,6,4,-1,1.6514331933461837,0.20346986854155713,0.0,1
4382,0,4,-1,2.3865234096206938,2.374536170102742,0.0,1
4383,1,4,-1,1.160673817842237,2.410341806951749,0.0,1
4384,2,4,-1,0.03209928292788122,1.6272624323333436,0.0,1
4385,3,4,-1,1.1864926769786541,1.9354954850008175,0.0,1
4386,4,4,-1,0.7881289410612426,1.3214919973971275,0.0,1
4387,5,4,-1,0.9974283840122098,-0.018795758928706663,0.0,1
4388,6,4,-1,1.4206504223793979,0.8755681173398594,0.0,1
4389,0,4,-1,2.4915772620917442,2.050872022675047,0.0,1
4390,1,4,-1,0.856282670181272,9.642189730094024,0.0,1
4391,2,4,-1,0.20346986854155713,10.872688135385756,0.0,1
4392,3,0,-1,2.374536170102742,10.43143447489038,0.0,1
4393,4,0,-1,2.410341806951749,10.546303769283602,0.0,1
4394,5,0,-1,1.6272624323333436,10.800847254529193,0.0,1
4395,6,0,-1,1.9354954850008175,10.838706601749466,0.0,1
4396,0,0,-1,1.3214919973971275,11.074020458692585,0.0,1
4397,1,0,-1,-0.018795758928706663,0.23264299313956238,0.0,1
4398,2,0,-1,0.8755681173398594,0.5518818456858149,0.0,1
4399,3,0,-1,2.050872022675047,0.7066624454184225,0.0,1
4400,4,0,0,9.642189730094024,0.36099207090566166,0.0,1
4401,5,0,0,10.872688135385756,-0.6272202286967694,0.0,1
4402,6,0,0,10.43143447489038,-0.29770368803846525,0.0,1
4403,0,0,0,10.546303769283602,1.0784557648427486,0.0,1
4404,1,0,0,10.800847254529193,0.593212610531853,0.0,1
4405,2,0,0,10.838706601749466,0.6554711949639606,0.0,1
4406,3,0,0,11.074020458692585,0.5347165292437659,0.0,1
4407,4,0,-1,0.23264299313956238,2.057603533966744,0.0,1
4408,5,0,-1,0.5518818456858149,0.7948269777262447,0.0,1
4409,6,0,-1,0.7066624454184225,-1.706823990345441,0.0,1
4410,0,0,-1,0.36099207090566166,0.3035398143970131,0.0,1
4411,1,0,-1,-0.6272202286967694,1.3606946378847542,0.0,1
4412,2,0,-1,-0.29770368803846525,-0.284689419098641,0.0,1
4413,3,0,-1,1.0784557648427486,0.7625980928293612,0.0,1
4414,4,0,-1,0.593212610531853,0.24728226969070805,0.0,1
4415,5,0,-1,0.6554711949639606,-1.3620898701876047,0.0,1
4416,6,0,-1,0.5347165292437659,-0.1013251013700387,0.0,1
4417,0,0,-1,2.057603533966744,0.06995066627022625,0.0,1
4418,1,0,-1,0.7948269777262447,-2.3260449697503383,0.0,1
4419,2,0,-1,-1.706823990345441,1.8955594106531597,0.0,1
4420,3,0,-1,0.3035398143970131,-0.02332747788090206,0.0,1
4421,4,0,-1,1.3606946378847542,0.4201459300869158,0.0,1
4422,5,0,-1,-0.284689419098641,0.3199793969188409,0.0,1
4423,6,1,-1,0.7625980928293612,0.2277322105226664,0.0,1
4424,0,1,-1,0.24728226969070805,-0.656303902787353,0.0,1
4425,1,1,-1,-1.3620898701876047,0.3813233968160903,0.0,1
4426,2,1,-1,-0.1013251013700387,0.6780603992616158,0.0,1
4427,3,1,-1,0.06995066627022625,0.8711179432957348,0.0,1
4428,4,1,-1,-2.3260449697503383,-0.29655602341733733,0.0,1
4429,5,1,-1,1.8955594106531597,-2.1377032658711417,0.0,1
4430,6,1,-1,-0.02332747788090206,-0.12737175718954863,0.0,1
4431,0,1,-1,0.4201459300869158,0.33152221638821977,0.0,1
4432,1,1,-1,0.3199793969188409,1.2674177726358535,0.0,1
4433,2,1,-1,0.2277322105226664,1.7590228128502639,0.0,1
4434,3,1,-1,-0.656303902787353,1.4221292632251563,0.0,1
4435,4,1,-1,0.3813233968160903,-0.1159489498801221,0.0,1
4436,5,1,-1,0.6780603992616158,1.2746352452660246,0.0,1
4437,6,1,-1,0.8711179432957348,-1.077473744431175,0.0,1
4438,0,1,-1,-0.29655602341733733,-1.0754422099138483,0.0,1
4439,1,1,-1,-2.1377032658711417,-1.2930828518298252,0.0,1
4440,2,1,-1,-0.12737175718954863,0.25087654926984515,0.0,1
4441,3,1,-1,0.33152221638821977,-0.8624240823296261,0.0,1
4442,4,1,-1,1.2674177726358535,-0.8916798287339969,0.0,1
4443,5,1,-1,1.7590228128502639,-1.1122083901255413,0.0,1
4444,6,1,-1,1.4221292632251563,-2.0451046395543284,0.0,1
4445,0,1,-1,-0.1159489498801221,-2.378239151957577,0.0,1
4446,1,1,-1,1.2746352452660246,-1.347776453795349,0.0,1
4447,2,1,-1,-1.077473744431175,-0.5614222167215972,0.0,1
4448,3,1,-1,-1.0754422099138483,0.5811686302297291,0.0,1
4449,4,1,-1,-1.2930828518298252,-0.9152973710905106,0.0,1
4450,5,1,-1,0.25087654926984515,-0.22119815102811746,0.0,1
4451,6,2,-1,-0.8624240823296261,0.3564555484988093,0.0,1
4452,0,2,-1,-0.8916798287339969,-0.6267228345714267,0.0,1
4453,1,2,-1,-1.1122083901255413,0.16129573237281186,0.0,1
4454,2,2,-1,-2.0451046395543284,-0.7062062533544854,0.0,1
4455,3,2,-1,-2.378239151957577,0.4852334084262482,0.0,1
4456,4,2,-1,-1.347776453795349,-1.4029573837842706,0.0,1
4457,5,2,-1,-0.5614222167215972,-0.33537490602688985,0.0,1
4458,6,2,-1,0.5811686302297291,-0.16959075689345643,0.0,1
4459,0,2,-1,-0.9152973710905106,0.9293207515007094,0.0,1
4460,1,2,-1,-0.22119815102811746,0.32584225306605125,0.0,1
4461,2,2,-1,0.3564555484988093,-1.090619411886344,0.0,1
4462,3,2,-1,-0.6267228345714267,-1.2527161755397422,0.0,1
4463,4,2,-1,0.16129573237281186,0.580626288836322,0.0,1
4464,5,2,-1,-0.7062062533544854,-0.3102034125969757,0.0,1
4465,6,2,-1,0.4852334084262482,1.105987161939554,0.0,1
4466,0,2,-1,-1.4029573837842706,-0.24473608852496048,0.0,1
4467,1,2,-1,-0.33537490602688985,1.7827824092839077,0.0,1
4468,2,2,-1,-0.16959075689345643,-1.8232631986695398,0.0,1
4469,3,2,-1,0.9293207515007094,-3.3859281355559565,0.0,1
4470,4,2,-1,0.32584225306605125,-2.0153520535957234,0.0,1
4471,5,3,-1,-1.090619411886344,-1.9810678604620229,0.0,1
4472,6,3,-1,-1.2527161755397422,-0.857057689513095,0.0,1
4473,0,3,-1,0.580626288836322,-0.0868774025215564,0.0,1
4474,1,3,-1,-0.3102034125969757,0.2796135906699251,0.0,1
4475,2,3,-1,1.105987161939554,-1.0853486782267177,0.0,1
4476,3,3,-1,-0.24473608852496048,0.11804310422766329,0.0,1
4477,4,3,-1,1.7827824092839077,-1.9492151643815934,0.0,1
4478,5,3,-1,-1.8232631986695398,-2.2901776994640657,0.0,1
4479,6,3,-1,-3.3859281355559565,-1.1184398569867953,0.0,1
4480,0,3,-1,-2.0153520535957234,-2.479037729888411,0.0,1
4481,1,4,-1,-1.9810678604620229,-0.7722478601874542,0.0,1
4482,2,4,-1,-0.857057689513095,-1.408092204913863,0.0,1
4483,3,4,-1,-0.0868774025215564,-1.8194521453430514,0.0,1
4484,4,4,-1,0.2796135906699251,-0.1420113076004479,0.0,1
4485,5,4,-1,-1.0853486782267177,-0.9378063553383578,0.0,1
4486,6,4,-1,0.11804310422766329,0.3906306050972297,0.0,1
4487,0,4,-1,-1.9492151643815934,-1.7986708131026745,0.0,1
4488,1,4,-1,-2.2901776994640657,-0.48064287970085817,0.0,1
4489,2,4,-1,-1.1184398569867953,-1.6245841886637067,0.0,1
4490,3,4,-1,-2.479037729888411,8.411317887096972,0.0,1
4491,4,4,-1,-0.7722478601874542,8.40441810886028,0.0,1
4492,5,4,-1,-1.408092204913863,9.290190555411415,0.0,1
4493,6,4,-1,-1.8194521453430514,7.268370435882963,0.0,1
4494,0,4,-1,-0.1420113076004479,9.266155501427413,0.0,1
4495,1,4,-1,-0.9378063553383578,7.742869087192182,0.0,1
4496,2,4,-1,0.3906306050972297,8.221194805300613,0.0,1
4497,3,4,-1,-1.7986708131026745,-2.2846446639783937,0.0,1
4498,4,4,-1,-0.48064287970085817,-0.4623565123453144,0.0,1
4499,5,4,-1,-1.6245841886637067,-0.3312144565619921,0.0,1
4500,6,4,0,8.411317887096972,-3.0405278888224334,0.0,1
4501,0,4,0,8.40441810886028,-1.826806517898353,0.0,1
4502,1,4,0,9.290190555411415,-1.4229038693007112,0.0,1
4503,2,4,0,7.268370435882963,-1.9655858279025082,0.0,1
4504,3,4,0,9.266155501427413,-2.724983940837371,0.0,1
4505,4,4,0,7.742869087192182,-2.147013466573566,0.0,1
4506,5,4,0,8.221194805300613,-1.676742195086854,0.0,1
4507,6,4,-1,-2.2846446639783937,-0.8735466465644955,0.0,1
4508,0,4,-1,-0.4623565123453144,-3.0796329247791197,0.0,1
4509,1,4,-1,-0.3312144565619921,-1.5602517996809147,0.0,1
4510,2,4,-1,-3.0405278888224334,-1.3603982938286143,0.0,1
4511,3,4,-1,-1.826806517898353,-2.919183184812627,0.0,1
4512,4,4,-1,-1.4229038693007112,-2.3741315667844214,0.0,1
4513,5,4,-1,-1.9655858279025082,-2.815510872580615,0.0,1
4514,6,0,-1,-2.724983940837371,-0.6302671264755029,0.0,1
4515,0,0,-1,-2.147013466573566,-1.9179262097678427,0.0,1
4516,1,0,-1,-1.676742195086854,-1.4511737399707743,0.0,1
4517,2,0,-1,-0.8735466465644955,-2.8291992656472567,0.0,1
4518,3,0,-1,-3.0796329247791197,-3.1178353330597153,0.0,1
4519,4,0,-1,-1.5602517996809147,-2.889959848654648,0.0,1
4520,5,0,-1,-1.3603982938286143,-1.709908382329433,0.0,1
4521,6,0,-1,-2.919183184812627,-2.0056556890569426,0.0,1
4522,0,0,-1,-2.3741315667844214,-1.5912034678237124,0.0,1
4523,1,0,-1,-2.815510872580615,-0.10639968295987967,0.0,1
4524,2,0,-1,-0.6302671264755029,-1.791116317568787,0.0,1
4525,3,0,-1,-1.9179262097678427,-2.681646308780158,0.0,1
4526,4,0,-1,-1.4511737399707743,-4.628343612128282,0.0,1
4527,5,0,-1,-2.8291992656472567,-4.012383716969394,0.0,1
4528,6,0,-1,-3.1178353330597153,-1.1407385496053442,0.0,1
4529,0,0,-1,-2.889959848654648,-1.5127053461515771,0.0,1
4530,1,0,-1,-1.709908382329433,-1.4144226355869278,0.0,1
4531,2,0,-1,-2.0056556890569426,-3.945625079154003,0.0,1
4532,3,0,-1,-1.5912034678237124,-2.4533180765469607,0.0,1
4533,4,0,-1,-0.10639968295987967,-3.6686471629556214,0.0,1
4534,5,0,-1,-1.791116317568787,-3.2881166125290178,0.0,1
4535,6,0,-1,-2.681646308780158,-2.774045348764046,0.0,1
4536,0,0,-1,-4.628343612128282,-0.6640447421992359,0.0,1
4537,1,0,-1,-4.012383716969394,-1.7990826475496033,0.0,1
4538,2,0,-1,-1.1407385496053442,-5.038465960504353,0.0,1
4539,3,0,-1,-1.5127053461515771,-3.641918317960941,0.0,1
4540,4,0,-1,-1.4144226355869278,-4.70733993062263,0.0,1
4541,5,0,-1,-3.945625079154003,-3.68391686486148,0.0,1
4542,6,0,-1,-2.4533180765469607,-3.395919160528175,0.0,1
4543,0,0,-1,-3.6686471629556214,-2.261458798750549,0.0,1
4544,1,0,-1,-3.2881166125290178,-2.5469795106831485,0.0,1
4545,2,1,-1,-2.774045348764046,-4.173316161008533,0.0,1
4546,3,1,-1,-0.6640447421992359,-4.393156244428283,0.0,1
4547,4,1,-1,-1.7990826475496033,-2.2617698441156793,0.0,1
4548,5,1,-1,-5.038465960504353,-1.8866662867038824,0.0,1
4549,6,1,-1,-3.641918317960941,-2.0816304004495345,0.0,1
4550,0,1,-1,-4.70733993062263,-2.3971183691258293,0.0,1
4551,1,1,-1,-3.68391686486148,-0.44483725175956623,0.0,1
4552,2,1,-1,-3.395919160528175,-3.903696262199517,0.0,1
4553,3,1,-1,-2.261458798750549,-1.3809953744804804,0.0,1
4554,4,1,-1,-2.5469795106831485,-3.7792026099633125,0.0,1
4555,5,1,-1,-4.173316161008533,-5.4079392624528175,0.0,1
4556,6,1,-1,-4.393156244428283,-2.5059506005889625,0.0,1
4557,0,1,-1,-2.2617698441156793,-3.6172311912093527,0.0,1
4558,1,1,-1,-1.8866662867038824,-0.16391241400154732,0.0,1
4559,2,1,-1,-2.0816304004495345,-1.9362104139475285,0.0,1
4560,3,1,-1,-2.3971183691258293,-2.5863408881083805,0.0,1
4561,4,1,-1,-0.44483725175956623,-3.1952018699089093,0.0,1
4562,5,1,-1,-3.903696262199517,-4.440617605557009,0.0,1
4563,6,1,-1,-1.3809953744804804,-2.683292086462611,0.0,1
4564,0,1,-1,-3.7792026099633125,-2.156130670847202,0.0,1
4565,1,1,-1,-5.4079392624528175,-3.3429473924898963,0.0,1
4566,2,1,-1,-2.5059506005889625,-4.688366633020665,0.0,1
4567,3,1,-1,-3.6172311912093527,-4.910637664724067,0.0,1
4568,4,1,-1,-0.16391241400154732,-4.478399257158649,0.0,1
4569,5,1,-1,-1.9362104139475285,-3.1021546430303792,0.0,1
4570,6,1,-1,-2.5863408881083805,-2.7674269528151534,0.0,1
4571,0,1,-1,-3.1952018699089093,-2.573263720750175,0.0,1
4572,1,1,-1,-4.440617605557009,-3.4252710347034006,0.0,1
4573,2,2,-1,-2.683292086462611,-4.1416109997695925,0.0,1
4574,3,2,-1,-2.156130670847202,-5.4021465226167,0.0,1
4575,4,2,-1,-3.3429473924898963,-4.479550481549124,0.0,1
4576,5,2,-1,-4.688366633020665,-3.475459659722497,0.0,1
4577,6,2,-1,-4.910637664724067,-3.824479169621997,0.0,1
4578,0,2,-1,-4.478399257158649,-2.8227632056855145,0.0,1
4579,1,2,-1,-3.1021546430303792,-4.708895821944553,0.0,1
4580,2,2,-1,-2.7674269528151534,-5.327190659245212,0.0,1
4581,3,2,-1,-2.573263720750175,-3.514315840149261,0.0,1
4582,4,2,-1,-3.4252710347034006,-3.4839905716255375,0.0,1
4583,5,2,-1,-4.1416109997695925,-4.2287416734033085,0.0,1
4584,6,2,-1,-5.4021465226167,-1.4085667725629594,0.0,1
4585,0,2,-1,-4.479550481549124,-4.044977804092825,0.0,1
4586,1,2,-1,-3.475459659722497,-4.735706457665265,0.0,1
4587,2,2,-1,-3.824479169621997,-5.199647413205735,0.0,1
4588,3,2,-1,-2.8227632056855145,-4.885809514696273,0.0,1
4589,4,2,-1,-4.708895821944553,-3.87780419124529,0.0,1
4590,5,2,-1,-5.327190659245212,6.919294491823711,0.0,1
4591,6,2,-1,-3.514315840149261,6.781127111433797,0.0,1
4592,0,2,-1,-3.4839905716255375,6.177495021131129,0.0,1
4593,1,3,-1,-4.2287416734033085,7.364202714239454,0.0,1
4594,2,3,-1,-1.4085667725629594,6.09510683085985,0.0,1
4595,3,3,-1,-4.044977804092825,5.019159742051518,0.0,1
4596,4,3,-1,-4.735706457665265,4.878851992827374,0.0,1
4597,5,3,-1,-5.199647413205735,-2.392081717800149,0.0,1
4598,6,3,-1,-4.885809514696273,-3.77448873367159,0.0,1
4599,0,3,-1,-3.87780419124529,-3.0779176378717388,0.0,1
4600,1,3,0,6.919294491823711,-3.0575042124199205,0.0,1
4601,2,3,0,6.781127111433797,-4.641623149207986,0.0,1
4602,3,3,0,6.177495021131129,-4.791510666894049,0.0,1
4603,4,4,0,7.364202714239454,-6.024262990587346,0.0,1
4604,5,4,0,6.09510683085985,-4.4744662732350475,0.0,1
4605,6,4,0,5.019159742051518,-3.6670450924889813,0.0,1
4606,0,4,0,4.878851992827374,-3.29554531752651,0.0,1
4607,1,4,-1,-2.392081717800149,-0.9406743528319543,0.0,1
4608,2,4,-1,-3.77448873367159,-4.316510352802158,0.0,1
4609,3,4,-1,-3.0779176378717388,-5.236510042319024,0.0,1
4610,4,4,-1,-3.0575042124199205,-5.125526902109753,0.0,1
4611,5,4,-1,-4.641623149207986,-1.9658951549946386,0.0,1
4612,6,4,-1,-4.791510666894049,-3.68228041749255,0.0,1
4613,0,4,-1,-6.024262990587346,-2.3550498377134965,0.0,1
4614,1,4,-1,-4.4744662732350475,-1.628328923407825,0.0,1
4615,2,4,-1,-3.6670450924889813,-3.980576654482416,0.0,1
4616,3,4,-1,-3.29554531752651,-3.986676856030141,0.0,1
4617,4,4,-1,-0.9406743528319543,-3.2696863910959006,0.0,1
4618,5,4,-1,-4.316510352802158,-4.791128239937382,0.0,1
4619,6,4,-1,-5.236510042319024,-3.0613030753723462,0.0,1
4620,0,4,-1,-5.125526902109753,-5.488978720310609,0.0,1
4621,1,4,-1,-1.9658951549946386,-1.6899530142010004,0.0,1
4622,2,4,-1,-3.68228041749255,-5.168095935296445,0.0,1
4623,3,4,-1,-2.3550498377134965,-4.634333583619394,0.0,1
4624,4,4,-1,-1.628328923407825,-7.1731309727542705,0.0,1
4625,5,4,-1,-3.980576654482416,-4.943414938016817,0.0,1
4626,6,4,-1,-3.986676856030141,-3.4977564229022247,0.0,1
4627,0,4,-1,-3.2696863910959006,-3.5089644404552813,0.0,1
4628,1,4,-1,-4.791128239937382,-2.5735621865106166,0.0,1
4629,2,4,-1,-3.0613030753723462,-7.263795494278859,0.0,1
4630,3,4,-1,-5.488978720310609,-6.64646510080862,0.0,1
4631,4,4,-1,-1.6899530142010004,-4.479403564489596,0.0,1
4632,5,4,-1,-5.168095935296445,-5.174831147725806,0.0,1
4633,6,4,-1,-4.634333583619394,-4.158020558952824,0.0,1
4634,0,4,-1,-7.1731309727542705,-3.081894950062399,0.0,1
4635,1,4,-1,-4.943414938016817,-1.3558059712346697,0.0,1
4636,2,0,-1,-3.4977564229022247,-4.549247043524189,0.0,1
4637,3,0,-1,-3.5089644404552813,-5.127954859467565,0.0,1
4638,4,0,-1,-2.5735621865106166,-5.885969267732473,0.0,1
4639,5,0,-1,-7.263795494278859,-5.332823428016798,0.0,1
4640,6,0,-1,-6.64646510080862,-4.325835651317028,0.0,1
4641,0,0,-1,-4.479403564489596,-2.403354524758673,0.0,1
4642,1,0,-1,-5.174831147725806,-3.0887455754846695,0.0,1
4643,2,0,-1,-4.158020558952824,-6.341984504054303,0.0,1
4644,3,0,-1,-3.081894950062399,-6.6800990078998055,0.0,1
4645,4,0,-1,-1.3558059712346697,-5.551246152761301,0.0,1
4646,5,0,-1,-4.549247043524189,-4.189903798212452,0.0,1
4647,6,0,-1,-5.127954859467565,-4.703505067773941,0.0,1
4648,0,0,-1,-5.885969267732473,-2.710652848769585,0.0,1
4649,1,0,-1,-5.332823428016798,-1.6258457393798613,0.0,1
4650,2,0,-1,-4.325835651317028,-5.127176738825366,0.0,1
4651,3,0,-1,-2.403354524758673,-5.249826001952302,0.0,1
4652,4,0,-1,-3.0887455754846695,-6.481826164379458,0.0,1
4653,5,0,-1,-6.341984504054303,-5.030582678646852,0.0,1
4654,6,0,-1,-6.6800990078998055,-6.871598169339146,0.0,1
4655,0,0,-1,-5.551246152761301,-5.893028616363191,0.0,1
4656,1,0,-1,-4.189903798212452,-2.945682012414629,0.0,1
4657,2,0,-1,-4.703505067773941,-6.429707278533052,0.0,1
4658,3,0,-1,-2.710652848769585,-5.890809082957518,0.0,1
4659,4,0,-1,-1.6258457393798613,-5.931852642163114,0.0,1
4660,5,0,-1,-5.127176738825366,-5.501986856024584,0.0,1
4661,6,0,-1,-5.249826001952302,-6.6668680130254625,0.0,1
4662,0,0,-1,-6.481826164379458,-4.981397052149653,0.0,1
4663,1,0,-1,-5.030582678646852,-3.728857462125593,0.0,1
4664,2,0,-1,-6.871598169339146,-7.710471538454513,0.0,1
4665,3,0,-1,-5.893028616363191,-7.8253233535060485,0.0,1
4666,4,0,-1,-2.945682012414629,-7.695798203105213,0.0,1
4667,5,1,-1,-6.429707278533052,-4.146709845305081,0.0,1
4668,6,1,-1,-5.890809082957518,-4.401329779633729,0.0,1
4669,0,1,-1,-5.931852642163114,-4.5043646416788965,0.0,1
4670,1,1,-1,-5.501986856024584,-2.8733136521176657,0.0,1
4671,2,1,-1,-6.6668680130254625,-5.649825517344845,0.0,1
4672,3,1,-1,-4.981397052149653,-5.842239931790867,0.0,1
4673,4,1,-1,-3.728857462125593,-7.586528517928109,0.0,1
4674,5,1,-1,-7.710471538454513,-6.654198014866807,0.0,1
4675,6,1,-1,-7.8253233535060485,-3.7862930442342204,0.0,1
4676,0,1,-1,-7.695798203105213,-4.292475425295953,0.0,1
4677,1,1,-1,-4.146709845305081,-3.8392097358600723,0.0,1
4678,2,1,-1,-4.401329779633729,-6.328103899846502,0.0,1
4679,3,1,-1,-4.5043646416788965,-6.59051332491259,0.0,1
4680,4,1,-1,-2.8733136521176657,-4.738412611207878,0.0,1
4681,5,1,-1,-5.649825517344845,-3.717961404000961,0.0,1
4682,6,1,-1,-5.842239931790867,-2.9421036145269905,0.0,1
4683,0,1,-1,-7.586528517928109,-5.017852693416141,0.0,1
4684,1,1,-1,-6.654198014866807,-3.1868142678298295,0.0,1
4685,2,1,-1,-3.7862930442342204,-5.982969534653756,0.0,1
4686,3,1,-1,-4.292475425295953,-6.02771533767893,0.0,1
4687,4,1,-1,-3.8392097358600723,-8.639144263451165,0.0,1
4688,5,1,-1,-6.328103899846502,-5.310871987431883,0.0,1
4689,6,1,-1,-6.59051332491259,-5.7591937348094016,0.0,1
4690,0,1,-1,-4.738412611207878,7.905188937912425,0.0,1
4691,1,1,-1,-3.717961404000961,6.638656309893484,0.0,1
4692,2,1,-1,-2.9421036145269905,3.756862039537311,0.0,1
4693,3,1,-1,-5.017852693416141,1.9154862118698746,0.0,1
4694,4,1,-1,-3.1868142678298295,3.8538766057024576,0.0,1
4695,5,2,-1,-5.982969534653756,2.1808337720241084,0.0,1
4696,6,2,-1,-6.02771533767893,4.247714127093525,0.0,1
4697,0,2,-1,-8.639144263451165,-5.155486217281994,0.0,1
4698,1,2,-1,-5.310871987431883,-4.838107025692823,0.0,1
4699,2,2,-1,-5.7591937348094016,-6.81335076242369,0.0,1
4700,3,2,0,7.905188937912425,-8.400113639412924,0.0,1
4701,4,2,0,6.638656309893484,-7.790465855557818,0.0,1
4702,5,2,0,3.756862039537311,-6.345590423635474,0.0,1
4703,6,2,0,1.9154862118698746,-5.252880470386777,0.0,1
4704,0,2,0,3.8538766057024576,-5.057081949898139,0.0,1
4705,1,2,0,2.1808337720241084,-3.3830223518657885,0.0,1
4706,2,2,0,4.247714127093525,-7.144631354665409,0.0,1
4707,3,2,-1,-5.155486217281994,-8.129211415627775,0.0,1
4708,4,2,-1,-4.838107025692823,-6.2843572028406065,0.0,1
4709,5,2,-1,-6.81335076242369,-6.246753377687247,0.0,1
4710,6,2,-1,-8.400113639412924,-5.272963483040984,0.0,1
4711,0,2,-1,-7.790465855557818,-3.9928247066986344,0.0,1
4712,1,2,-1,-6.345590423635474,-3.001383728045178,0.0,1
4713,2,2,-1,-5.252880470386777,-7.443235412847714,0.0,1
4714,3,2,-1,-5.057081949898139,-6.41841832668864,0.0,1
4715,4,3,-1,-3.3830223518657885,-7.364913910630303,0.0,1
4716,5,3,-1,-7.144631354665409,-5.3963184730867715,0.0,1
4717,6,3,-1,-8.129211415627775,-5.0942410796850615,0.0,1
4718,0,3,-1,-6.2843572028406065,-5.200705609710515,0.0,1
4719,1,3,-1,-6.246753377687247,-2.6557539805835626,0.0,1
4720,2,3,-1,-5.272963483040984,-8.331737029772897,0.0,1
4721,3,3,-1,-3.9928247066986344,-7.046433051951694,0.0,1
4722,4,3,-1,-3.001383728045178,-7.367955222753963,0.0,1
4723,5,3,-1,-7.443235412847714,-6.6182313558742525,0.0,1
4724,6,3,-1,-6.41841832668864,-6.284378834455975,0.0,1
4725,0,4,-1,-7.364913910630303,-5.479498939933409,0.0,1
4726,1,4,-1,-5.3963184730867715,-4.641836039494335,0.0,1
4727,2,4,-1,-5.0942410796850615,-8.023729508847994,0.0,1
4728,3,4,-1,-5.200705609710515,-7.131915263546436,0.0,1
4729,4,4,-1,-2.6557539805835626,-6.041195190827223,0.0,1
4730,5,4,-1,-8.331737029772897,-6.500509764593785,0.0,1
4731,6,4,-1,-7.046433051951694,-6.115572525102888,0.0,1
4732,0,4,-1,-7.367955222753963,-5.61385337049251,0.0,1
4733,1,4,-1,-6.6182313558742525,-5.153778001580047,0.0,1
4734,2,4,-1,-6.284378834455975,-7.956744370251105,0.0,1
4735,3,4,-1,-5.479498939933409,-8.662293187151032,0.0,1
4736,4,4,-1,-4.641836039494335,-7.944376157895885,0.0,1
4737,5,4,-1,-8.023729508847994,-7.185090661159541,0.0,1
4738,6,4,-1,-7.131915263546436,-5.557237763858822,0.0,1
4739,0,4,-1,-6.041195190827223,-4.621398256586537,0.0,1
4740,1,4,-1,-6.500509764593785,-4.855588121798435,0.0,1
4741,2,4,-1,-6.115572525102888,-7.05849828800762,0.0,1
4742,3,4,-1,-5.61385337049251,-8.772053104482593,0.0,1
4743,4,4,-1,-5.153778001580047,-8.696742616851246,0.0,1
4744,5,4,-1,-7.956744370251105,-7.875947426709132,0.0,1
4745,6,4,-1,-8.662293187151032,-5.213844233247146,0.0,1
4746,0,4,-1,-7.944376157895885,-4.1567127493219305,0.0,1
4747,1,4,-1,-7.185090661159541,-3.284315745325161,0.0,1
4748,2,4,-1,-5.557237763858822,-8.89571956465837,0.0,1
4749,3,4,-1,-4.621398256586537,-8.075741437143018,0.0,1
4750,4,4,-1,-4.855588121798435,-7.442046408290911,0.0,1
4751,5,4,-1,-7.05849828800762,-6.37372835295745,0.0,1
4752,6,4,-1,-8.772053104482593,-5.163999656011755,0.0,1
4753,0,4,-1,-8.696742616851246,-6.027411282877221,0.0,1
4754,1,4,-1,-7.875947426709132,-5.470512002833967,0.0,1
4755,2,4,-1,-5.213844233247146,-8.464289424973158,0.0,1
4756,3,4,-1,-4.1567127493219305,-8.836480211874479,0.0,1
4757,4,4,-1,-3.284315745325161,-6.898390138014454,0.0,1
4758,5,0,-1,-8.89571956465837,-5.945788326000001,0.0,1
4759,6,0,-1,-8.075741437143018,-6.889859237803451,0.0,1
4760,0,0,-1,-7.442046408290911,-6.862280945450003,0.0,1
4761,1,0,-1,-6.37372835295745,-4.655154292391538,0.0,1
4762,2,0,-1,-5.163999656011755,-7.612515389704883,0.0,1
4763,3,0,-1,-6.027411282877221,-9.320094173385579,0.0,1
4764,4,0,-1,-5.470512002833967,-7.837717106708209,0.0,1
4765,5,0,-1,-8.464289424973158,-6.427080577219379,0.0,1
4766,6,0,-1,-8.836480211874479,-6.823474457446764,0.0,1
4767,0,0,-1,-6.898390138014454,-5.023068050364882,0.0,1
4768,1,0,-1,-5.945788326000001,-4.047166277523859,0.0,1
4769,2,0,-1,-6.889859237803451,-8.831543641745592,0.0,1
4770,3,0,-1,-6.862280945450003,-9.378231871853778,0.0,1
4771,4,0,-1,-4.655154292391538,-8.77390847939334,0.0,1
4772,5,0,-1,-7.612515389704883,-5.129068734260595,0.0,1
4773,6,0,-1,-9.320094173385579,-5.798316721197878,0.0,1
4774,0,0,-1,-7.837717106708209,-5.2523634979199185,0.0,1
4775,1,0,-1,-6.427080577219379,-5.2713688850494504,0.0,1
4776,2,0,-1,-6.823474457446764,-7.8801143922892525,0.0,1
4777,3,0,-1,-5.023068050364882,-8.588898285112618,0.0,1
4778,4,0,-1,-4.047166277523859,-7.83091384858541,0.0,1
4779,5,0,-1,-8.831543641745592,-8.353418224647058,0.0,1
4780,6,0,-1,-9.378231871853778,-5.453181816274951,0.0,1
4781,0,0,-1,-8.77390847939334,-3.8515945599378343,0.0,1
4782,1,0,-1,-5.129068734260595,-5.3480435534222135,0.0,1
4783,2,0,-1,-5.798316721197878,-7.963840608009978,0.0,1
4784,3,0,-1,-5.2523634979199185,-8.204249143450483,0.0,1
4785,4,0,-1,-5.2713688850494504,-9.171351191129158,0.0,1
4786,5,0,-1,-7.8801143922892525,-5.460977022702615,0.0,1
4787,6,0,-1,-8.588898285112618,-8.252983977183051,0.0,1
4788,0,0,-1,-7.83091384858541,-4.76792484298186,0.0,1
4789,1,1,-1,-8.353418224647058,-5.572790407593864,0.0,1
4790,2,1,-1,-5.453181816274951,1.6547128655258088,0.0,1
4791,3,1,-1,-3.8515945599378343,0.1096612239885455,0.0,1
4792,4,1,-1,-5.3480435534222135,4.003498944974735,0.0,1
4793,5,1,-1,-7.963840608009978,1.9105090966604528,0.0,1
4794,6,1,-1,-8.204249143450483,4.859061263000731,0.0,1
4795,0,1,-1,-9.171351191129158,3.707384334367284,0.0,1
4796,1,1,-1,-5.460977022702615,7.05994261149372,0.0,1
4797,2,1,-1,-8.252983977183051,-9.925995086271636,0.0,1
4798,3,1,-1,-4.76792484298186,-9.821393252226157,0.0,1
4799,4,1,-1,-5.572790407593864,-7.457528074292829,0.0,1
4800,5,1,0,1.6547128655258088,-8.547318429906596,0.0,1
4801,6,1,0,0.1096612239885455,-8.68317934127317,0.0,1
4802,0,1,0,4.003498944974735,-6.96123251443869,0.0,1
4803,1,1,0,1.9105090966604528,-4.612123164557843,0.0,1
4804,2,1,0,4.859061263000731,-6.52274859302348,0.0,1
4805,3,1,0,3.707384334367284,-9.433072153860433,0.0,1
4806,4,1,0,7.05994261149372,-8.261022397742272,0.0,1
4807,5,1,-1,-9.925995086271636,-5.805095564259135,0.0,1
4808,6,1,-1,-9.821393252226157,-5.919348313289754,0.0,1
4809,0,1,-1,-7.457528074292829,-5.547037791069443,0.0,1
4810,1,1,-1,-8.547318429906596,-3.8784244199472164,0.0,1
4811,2,1,-1,-8.68317934127317,-10.254368993882654,0.0,1
4812,3,1,-1,-6.96123251443869,-9.750943096547223,0.0,1
4813,4,1,-1,-4.612123164557843,-8.259868931291638,0.0,1
4814,5,1,-1,-6.52274859302348,-8.145157065408098,0.0,1
4815,6,1,-1,-9.433072153860433,-6.3388296122277925,0.0,1
4816,0,1,-1,-8.261022397742272,-6.719002772843911,0.0,1
4817,1,2,-1,-5.805095564259135,-6.682339449702219,0.0,1
4818,2,2,-1,-5.919348313289754,-8.836349332615983,0.0,1
4819,3,2,-1,-5.547037791069443,-9.327188760462738,0.0,1
4820,4,2,-1,-3.8784244199472164,-8.708704363827858,0.0,1
4821,5,2,-1,-10.254368993882654,-6.9591564169649445,0.0,1
4822,6,2,-1,-9.750943096547223,-7.162816503656125,0.0,1
4823,0,2,-1,-8.259868931291638,-4.917641277641786,0.0,1
4824,1,2,-1,-8.145157065408098,-4.720409765240665,0.0,1
4825,2,2,-1,-6.3388296122277925,-10.362014745399309,0.0,1
4826,3,2,-1,-6.719002772843911,-9.12187161969977,0.0,1
4827,4,2,-1,-6.682339449702219,-8.753832930210818,0.0,1
4828,5,2,-1,-8.836349332615983,-8.450045559535402,0.0,1
4829,6,2,-1,-9.327188760462738,-6.165214510118088,0.0,1
4830,0,2,-1,-8.708704363827858,-5.259364694276836,0.0,1
4831,1,2,-1,-6.9591564169649445,-4.9165112618202125,0.0,1
4832,2,2,-1,-7.162816503656125,-8.539079528517615,0.0,1
4833,3,2,-1,-4.917641277641786,-11.575364060262949,0.0,1
4834,4,2,-1,-4.720409765240665,-8.023702036705462,0.0,1
4835,5,2,-1,-10.362014745399309,-6.735212159337586,0.0,1
4836,6,2,-1,-9.12187161969977,-5.288055442565238,0.0,1
4837,0,3,-1,-8.753832930210818,-5.812335118686927,0.0,1
4838,1,3,-1,-8.450045559535402,-5.956469983841394,0.0,1
4839,2,3,-1,-6.165214510118088,-10.542838078217823,0.0,1
4840,3,3,-1,-5.259364694276836,-9.118336769958118,0.0,1
4841,4,3,-1,-4.9165112618202125,-8.74714522978158,0.0,1
4842,5,3,-1,-8.539079528517615,-7.511610348254471,0.0,1
4843,6,3,-1,-11.575364060262949,-6.460901261292504,0.0,1
4844,0,3,-1,-8.023702036705462,-6.170873648969594,0.0,1
4845,1,3,-1,-6.735212159337586,-3.1671666123840287,0.0,1
4846,2,3,-1,-5.288055442565238,-8.826327395675927,0.0,1
4847,3,4,-1,-5.812335118686927,-9.16374038202899,0.0,1
4848,4,4,-1,-5.956469983841394,-9.946807760446298,0.0,1
4849,5,4,-1,-10.542838078217823,-7.186652392666149,0.0,1
4850,6,4,-1,-9.118336769958118,-7.039427866327845,0.0,1
4851,0,4,-1,-8.74714522978158,-5.432471662055572,0.0,1
4852,1,4,-1,-7.511610348254471,-5.014139349586227,0.0,1
4853,2,4,-1,-6.460901261292504,-9.189620581510885,0.0,1
4854,3,4,-1,-6.170873648969594,-11.5347685152025,0.0,1
4855,4,4,-1,-3.1671666123840287,-8.267661477437839,0.0,1
4856,5,4,-1,-8.826327395675927,-7.40104797468076,0.0,1
4857,6,4,-1,-9.16374038202899,-7.421418554569876,0.0,1
4858,0,4,-1,-9.946807760446298,-6.938122261112769,0.0,1
4859,1,4,-1,-7.186652392666149,-4.019350524065361,0.0,1
4860,2,4,-1,-7.039427866327845,-9.680026158979585,0.0,1
4861,3,4,-1,-5.432471662055572,-8.329060355231695,0.0,1
4862,4,4,-1,-5.014139349586227,-7.68337233317435,0.0,1
4863,5,4,-1,-9.189620581510885,-8.22954267232129,0.0,1
4864,6,4,-1,-11.5347685152025,-9.134464423263857,0.0,1
4865,0,4,-1,-8.267661477437839,-6.149239094471403,0.0,1
4866,1,4,-1,-7.40104797468076,-6.085464874181674,0.0,1
4867,2,4,-1,-7.421418554569876,-9.23923232722884,0.0,1
4868,3,4,-1,-6.938122261112769,-8.845282993461325,0.0,1
4869,4,4,-1,-4.019350524065361,-9.419016073689765,0.0,1
4870,5,4,-1,-9.680026158979585,-6.988016754254334,0.0,1
4871,6,4,-1,-8.329060355231695,-4.479185048878337,0.0,1
4872,0,4,-1,-7.68337233317435,-6.140976021695289,0.0,1
4873,1,4,-1,-8.22954267232129,-6.380411619387603,0.0,1
4874,2,4,-1,-9.134464423263857,-7.704602992317133,0.0,1
4875,3,4,-1,-6.149239094471403,-9.65997826362461,0.0,1
4876,4,4,-1,-6.085464874181674,-9.266161466352717,0.0,1
4877,5,4,-1,-9.23923232722884,-7.886366290581076,0.0,1
4878,6,4,-1,-8.845282993461325,-7.458058907716583,0.0,1
4879,0,4,-1,-9.419016073689765,-6.004055159051837,0.0,1
4880,1,0,-1,-6.988016754254334,-5.102123713351624,0.0,1
4881,2,0,-1,-4.479185048878337,-10.076544301003999,0.0,1
4882,3,0,-1,-6.140976021695289,-10.091190615484878,0.0,1
4883,4,0,-1,-6.380411619387603,-9.125874412243038,0.0,1
4884,5,0,-1,-7.704602992317133,-8.652529076996053,0.0,1
4885,6,0,-1,-9.65997826362461,-5.718487972754097,0.0,1
4886,0,0,-1,-9.266161466352717,-5.690592576808676,0.0,1
4887,1,0,-1,-7.886366290581076,-4.936347141491037,0.0,1
4888,2,0,-1,-7.458058907716583,-9.46722630692673,0.0,1
4889,3,0,-1,-6.004055159051837,-11.013357564740677,0.0,1
4890,4,0,-1,-5.102123713351624,0.9871800431527556,0.0,1
4891,5,0,-1,-10.076544301003999,3.7364345815346787,0.0,1
4892,6,0,-1,-10.091190615484878,2.2432858127144666,0.0,1
4893,0,0,-1,-9.125874412243038,3.685395744494163,0.0,1
4894,1,0,-1,-8.652529076996053,3.3145048933788814,0.0,1
4895,2,0,-1,-5.718487972754097,-0.5428273562367547,0.0,1
4896,3,0,-1,-5.690592576808676,0.11120401400407895,0.0,1
4897,4,0,-1,-4.936347141491037,-9.195162415657052,0.0,1
4898,5,0,-1,-9.46722630692673,-8.518930100059656,0.0,1
4899,6,0,-1,-11.013357564740677,-6.244752823081747,0.0,1
4900,0,0,0,0.9871800431527556,-7.461491658524752,0.0,1
4901,1,0,0,3.7364345815346787,-3.8548499998971986,0.0,1
4902,2,0,0,2.2432858127144666,-10.137740295093046,0.0,1
4903,3,0,0,3.685395744494163,-11.206339352037247,0.0,1
4904,4,0,0,3.3145048933788814,-8.385082726829468,0.0,1
4905,5,0,0,-0.5428273562367547,-7.66687870932503,0.0,1
4906,6,0,0,0.11120401400407895,-6.4388605367099,0.0,1
4907,0,0,-1,-9.195162415657052,-4.705532028982759,0.0,1
4908,1,0,-1,-8.518930100059656,-5.089196683915879,0.0,1
4909,2,0,-1,-6.244752823081747,-10.351757558823884,0.0,1
4910,3,0,-1,-7.461491658524752,-10.942814444737957,0.0,1
4911,4,1,-1,-3.8548499998971986,-8.504992958195087,0.0,1
4912,5,1,-1,-10.137740295093046,-9.69709069168438,0.0,1
4913,6,1,-1,-11.206339352037247,-8.686332377771395,0.0,1
4914,0,1,-1,-8.385082726829468,-6.938806834178304,0.0,1
4915,1,1,-1,-7.66687870932503,-3.6305258804953953,0.0,1
4916,2,1,-1,-6.4388605367099,-10.098824643614774,0.0,1
4917,3,1,-1,-4.705532028982759,-11.180697618592191,0.0,1
4918,4,1,-1,-5.089196683915879,-8.91291922548467,0.0,1
4919,5,1,-1,-10.351757558823884,-9.608455612678476,0.0,1
4920,6,1,-1,-10.942814444737957,-7.417247922473892,0.0,1
4921,0,1,-1,-8.504992958195087,-6.408534549635093,0.0,1
4922,1,1,-1,-9.69709069168438,-5.132573918709639,0.0,1
4923,2,1,-1,-8.686332377771395,-10.932996081984838,0.0,1
4924,3,1,-1,-6.938806834178304,-10.551946936790959,0.0,1
4925,4,1,-1,-3.6305258804953953,-10.951411849664849,0.0,1
4926,5,1,-1,-10.098824643614774,-6.42971736583717,0.0,1
4927,6,1,-1,-11.180697618592191,-7.2989506083556455,0.0,1
4928,0,1,-1,-8.91291922548467,-6.331400945017843,0.0,1
4929,1,1,-1,-9.608455612678476,-6.061356494286832,0.0,1
4930,2,1,-1,-7.417247922473892,-10.50416460159189,0.0,1
4931,3,1,-1,-6.408534549635093,-9.574534059229789,0.0,1
4932,4,1,-1,-5.132573918709639,-8.392813248518104,0.0,1
4933,5,1,-1,-10.932996081984838,-7.272030853670506,0.0,1
4934,6,1,-1,-10.551946936790959,-7.740815275250953,0.0,1
4935,0,1,-1,-10.951411849664849,-6.308821609363401,0.0,1
4936,1,1,-1,-6.42971736583717,-3.4155109782112216,0.0,1
4937,2,1,-1,-7.2989506083556455,-8.842774994354254,0.0,1
4938,3,1,-1,-6.331400945017843,-9.99840709007806,0.0,1
4939,4,2,-1,-6.061356494286832,-9.841046714552578,0.0,1
4940,5,2,-1,-10.50416460159189,-6.349444212791237,0.0,1
4941,6,2,-1,-9.574534059229789,-7.233693559489955,0.0,1
4942,0,2,-1,-8.392813248518104,-5.894673469838612,0.0,1
4943,1,2,-1,-7.272030853670506,-5.263439034840473,0.0,1
4944,2,2,-1,-7.740815275250953,-9.218651934634357,0.0,1
4945,3,2,-1,-6.308821609363401,-11.167128592377262,0.0,1
4946,4,2,-1,-3.4155109782112216,-9.218155057841313,0.0,1
4947,5,2,-1,-8.842774994354254,-7.536878314812188,0.0,1
4948,6,2,-1,-9.99840709007806,-6.987478097987155,0.0,1
4949,0,2,-1,-9.841046714552578,-5.047506120755102,0.0,1
4950,1,2,-1,-6.349444212791237,-5.573319111807578,0.0,1
4951,2,2,-1,-7.233693559489955,-10.096563277540625,0.0,1
4952,3,2,-1,-5.894673469838612,-9.743603100267466,0.0,1
4953,4,2,-1,-5.263439034840473,-9.331346519062421,0.0,1
4954,5,2,-1,-9.218651934634357,-7.836833055337853,0.0,1
4955,6,2,-1,-11.167128592377262,-7.47951922035813,0.0,1
4956,0,2,-1,-9.218155057841313,-5.30602592384799,0.0,1
4957,1,2,-1,-7.536878314812188,-4.2391187144787,0.0,1
4958,2,2,-1,-6.987478097987155,-8.734689429759788,0.0,1
4959,3,3,-1,-5.047506120755102,-9.208616030944686,0.0,1
4960,4,3,-1,-5.573319111807578,-9.940353016391724,0.0,1
4961,5,3,-1,-10.096563277540625,-9.273039189977384,0.0,1
4962,6,3,-1,-9.743603100267466,-6.3603141391516695,0.0,1
4963,0,3,-1,-9.331346519062421,-5.786304431762246,0.0,1
4964,1,3,-1,-7.836833055337853,-6.356608508875879,0.0,1
4965,2,3,-1,-7.47951922035813,-9.520694272984466,0.0,1
4966,3,3,-1,-5.30602592384799,-8.988681939664223,0.0,1
4967,4,3,-1,-4.2391187144787,-10.019570229721479,0.0,1
4968,5,3,-1,-8.734689429759788,-7.175577085475384,0.0,1
4969,6,4,-1,-9.208616030944686,-6.100851536488843,0.0,1
4970,0,4,-1,-9.940353016391724,-5.681219734921298,0.0,1
4971,1,4,-1,-9.273039189977384,-5.231477973755096,0.0,1
4972,2,4,-1,-6.3603141391516695,-10.970728658116423,0.0,1
4973,3,4,-1,-5.786304431762246,-8.86545362155502,0.0,1
4974,4,4,-1,-6.356608508875879,-9.054472983892012,0.0,1
4975,5,4,-1,-9.520694272984466,-7.844005020799187,0.0,1
4976,6,4,-1,-8.988681939664223,-7.8848828431875155,0.0,1
4977,0,4,-1,-10.019570229721479,-5.552463024888353,0.0,1
4978,1,4,-1,-7.175577085475384,-3.6753511515457262,0.0,1
4979,2,4,-1,-6.100851536488843,-10.176142017200064,0.0,1
4980,3,4,-1,-5.681219734921298,-10.036157438120897,0.0,1
4981,4,4,-1,-5.231477973755096,-11.200042093092069,0.0,1
4982,5,4,-1,-10.970728658116423,-9.355842081062617,0.0,1
4983,6,4,-1,-8.86545362155502,-5.811260119171795,0.0,1
4984,0,4,-1,-9.054472983892012,-5.84253237615949,0.0,1
4985,1,4,-1,-7.844005020799187,-5.355003905488854,0.0,1
4986,2,4,-1,-7.8848828431875155,-9.377515890168368,0.0,1
4987,3,4,-1,-5.552463024888353,-9.401165761956385,0.0,1
4988,4,4,-1,-3.6753511515457262,-9.38562471919126,0.0,1
4989,5,4,-1,-10.176142017200064,-7.629530908237703,0.0,1
4990,6,4,-1,-10.036157438120897,0.0,0.0,1
4991,0,4,-1,-11.200042093092069,0.0,0.0,1
4992,1,4,-1,-9.355842081062617,0.0,0.0,1
4993,2,4,-1,-5.811260119171795,0.0,0.0,1
4994,3,4,-1,-5.84253237615949,0.0,0.0,1
4995,4,4,-1,-5.355003905488854,0.0,0.0,1
4996,5,4,-1,-9.377515890168368,0.0,0.0,1
4997,6,4,-1,-9.401165761956385,0.0,0.0,1
4998,0,4,-1,-9.38562471919126,0.0,0.0,1
4999,1,4,-1,-7.629530908237703,0.0,0.0,1
